"Sr.","Stock Name","Symbol","close","%_change","volume","sector","industry2","marketcapname","Add Column"
1,"Shanti Gold International Ltd","SHANTIGOLD","325.68","14.83%","3,64,07,266","consumer discretionary","diamond cutting / jewellery","smallcap",""
2,"Antelopus Selan Energy Ltd","ANTELOPUS","1,261.7","11.56%","78,77,531","energy","oil drilling / allied services","smallcap",""
3,"SBC Exports Ltd","SBC","53.02","10.44%","2,38,68,200","textiles","textiles - products","smallcap",""
4,"Shoppers Stop Limited","SHOPERSTOP","423.55","10%","35,88,100","consumer discretionary","textiles - products","smallcap",""
5,"Quadrant Future Tek Ltd","QUADFUTURE","547.5","9.41%","19,50,037","industrials","cables - power","smallcap",""
6,"Lloyds Engineering Works Ltd","LLOYDSENGG","98.56","8.41%","6,06,74,433","industrials","engineering","midcap",""
7,"Fineotex Chemical Limited","FCL","60.48","7.87%","4,70,41,849","chemicals","chemicals","midcap",""
8,"Rolex Rings Ltd","ROLEXRINGS","195.35","7.68%","71,69,312","auto","auto ancillaries","midcap",""
9,"Whirlpool Of India Limited","WHIRLPOOL","918.9","7.67%","2,79,43,285","consumer discretionary","domestic appliances","midcap",""
10,"Protean eGov Technologies Ltd","PROTEAN","690.7","7.59%","35,60,004","i.t","computers - software - medium / small","smallcap",""
11,"Mukand Limited","MUKANDLTD","167.05","7.59%","11,09,036","metals & mining","steel - medium / small","smallcap",""
12,"Artemis Medicare Services Ltd","ARTEMISMED","357.7","7.51%","1,89,80,196","healthcare","healthcare","midcap",""
13,"Aether Industries Ltd","AETHER","1,767","7.34%","16,86,153","chemicals","chemicals","largecap",""
14,"Dalmia Bharat Sugar And Industries Limited","DALMIASUG","428.75","7.32%","10,09,477","fmcg","sugar","smallcap",""
15,"Sangam (india) Limited","SANGAMIND","619.9","6.93%","4,34,786","textiles","textiles - spinning - synthetic / blended","smallcap",""
16,"Engineers India Limited","ENGINERSIN","315.65","6.4%","1,96,15,591","realty","engineering - turnkey services","midcap",""
17,"Transport Corporation Of India Limited","TCI","883.7","6.03%","57,70,660","transportation","miscellaneous","midcap",""
18,"Man Industries (india) Limited","MANINDS","1,020.35","5.97%","17,62,428","metals & mining","steel - medium / small","midcap",""
19,"Electronics Mart India Ltd","EMIL","200.22","5.85%","67,76,165","consumer discretionary","trading","midcap",""
20,"Greaves Cotton Limited","GREAVESCOT","234.78","5.84%","1,07,29,752","industrials","engines","midcap",""
21,"Delta Corp Limited","DELTACORP","76.84","5.72%","2,64,45,158","miscellaneous","recreation / amusement parks","smallcap",""
22,"Ajax Engineering Ltd","AJAXENGG","607.75","5.66%","6,95,472","industrials","engineering","midcap",""
23,"Lloyds Enterprises Ltd","LLOYDSENT","79.67","5.41%","1,19,61,867","services","trading","midcap",""
24,"Wheels India Limited","WHEELS","2,296.4","5.3%","6,15,400","auto","auto ancillaries","midcap",""
25,"Steelcast Ltd","STEELCAS","376.5","5.23%","10,78,414","castings, forgings & fasteners","castings & forgings","smallcap",""
26,"Welspun Corp Limited","WELCORP","2,832.4","5.21%","27,63,523","industrials","steel - large","largecap",""
27,"Rpg Life Sciences Limited","RPGLIFE","3,050.6","5.2%","1,11,001","healthcare","pharmaceuticals - indian - bulk drugs & formln","midcap",""
28,"Kabra Extrusion Technik Limited","KABRAEXTRU","846.4","5%","4,54,583","industrials","engineering","smallcap",""
29,"STL Networks Ltd","STLNETWORK","54.61","5%","89,81,723","telecom-service","telecommunications - service provider","smallcap",""
30,"ESAF Small Finance Bank Ltd","ESAFSFB","42.86","5%","11,95,142","bank","banks - private sector","smallcap",""
31,"Indiabulls Limited","IBULLSLTD","29.83","5%","1,41,85,546","miscellaneous","diversified - medium / small","midcap",""
32,"Shriram Pistons & Rings Limited","SHRIPISTON","4,746.8","4.86%","1,10,008","auto","auto ancillaries","largecap",""
33,"Spectrum Electrical Industries Ltd","SPECTRUM","3,518.8","4.84%","16,796","industrials","electric equipment","midcap",""
34,"Heg Limited","HEG","248.5","4.83%","90,65,570","industrials","electrodes - graphites","midcap",""
35,"Dynamatic Technologies Limited","DYNAMATECH","13,153","4.8%","38,127","aerospace & defence","engineering","midcap",""
36,"ISGEC Heavy Engineering  Ltd","ISGEC","890.55","4.76%","2,18,727","realty","engineering - turnkey services","midcap",""
37,"Bosch Home Comfort India Ltd","BOSCH-HCIL","1,811.6","4.72%","98,241","consumer discretionary","air-conditioners","smallcap",""
38,"Yasho Industries Ltd","YASHO","4,234.1","4.71%","45,970","chemicals","chemicals","midcap",""
39,"Garware Hi Tech Films Ltd","GRWRHITECH","6,640","4.69%","90,455","industrials","packaging","midcap",""
40,"Man Infraconstruction Limited","MANINFRA","129.95","4.65%","38,30,660","realty","construction","midcap",""
41,"Satin Creditcare Network Limited","SATIN","236.65","4.64%","4,21,528","financials","finance & investments","smallcap",""
42,"Surya Roshni Limited","SURYAROSNI","227.45","4.57%","9,23,512","industrials","steel - large","smallcap",""
43,"Tvs Srichakra Limited","TVSSRICHAK","4,609.5","4.48%","10,416","auto","tyres","smallcap",""
44,"Inox India Ltd","INOXINDIA","2,156.8","4.46%","3,77,035","industrials","packaging","midcap",""
45,"Sambhv Steel Tubes Ltd","SAMBHV","159.12","4.44%","51,27,428","metals & mining","steel - medium / small","smallcap",""
46,"Bajaj Hindusthan Sugar Limited","BAJAJHIND","20.78","4.42%","3,11,08,504","fmcg","sugar","smallcap",""
47,"Pearl Global Industries Limited","PGIL","1,329.1","4.36%","4,77,150","readymade garments/apparels","textiles - products","midcap",""
48,"Parag Milk Foods Limited","PARAGMILK","268.9","4.06%","28,25,359","fmcg","food - processing - indian","smallcap",""
49,"Kaynes Technology India Ltd","KAYNES","3,650","4%","13,27,893","consumer discretionary","electronics - components","largecap",""
50,"Balrampur Chini Mills Limited","BALRAMCHIN","685.8","4%","45,11,284","fmcg","sugar","midcap",""
51,"HBL Engineering Ltd","HBLENGINE","806","3.96%","51,99,842","auto","auto ancillaries","largecap",""
52,"Ram Ratna Wires Ltd","RAMRAT","570","3.94%","2,92,137","metals & mining","mining / minerals / metals","midcap",""
53,"Shreeji Shipping Global Ltd","SHREEJISPG","752.45","3.81%","11,97,147","transportation","shipping","midcap",""
54,"Tatva Chintan Pharma Chem Ltd","TATVA","1,793.2","3.74%","66,589","chemicals","chemicals","smallcap",""
55,"Bodal Chemicals Limited","BODALCHEM","202.02","3.56%","13,97,350","chemicals","dyes and pigments","smallcap",""
56,"Castrol India Limited","CASTROLIND","201.67","3.53%","1,32,37,379","chemicals","chemicals","midcap",""
57,"Cyient Limited","CYIENT","1,094.7","3.49%","3,34,991","i.t","computers - software - medium / small","midcap",""
58,"Sunflag Iron And Steel Company Limited","SUNFLAG","410.65","3.49%","20,66,226","metals & mining","steel - medium / small","midcap",""
59,"Pennar Industries Limited","PENIND","184.9","3.44%","12,95,945","metals & mining","steel - medium / small","smallcap",""
60,"Max Financial Services Limited","MFSL","1,458","3.4%","36,17,694","financials","finance & investments","largecap",""
61,"Supreme Industries Limited","SUPREMEIND","3,550","3.38%","1,12,619","plastic products","plastics products","largecap",""
62,"SML Mahindra Ltd","SMLMAH","6,825.5","3.37%","50,096","auto","automobiles - lcvs / hcvs","midcap",""
63,"Jubilant Ingrevia Ltd","JUBLINGREA","656.1","3.27%","3,72,268","chemicals","chemicals","midcap",""
64,"Bluspring Enterprises Ltd","BLUSPRING","145.12","3.24%","7,58,518","miscellaneous","diversified - large","smallcap",""
65,"Morepen Laboratories Limited","MOREPENLAB","120.38","3.24%","89,96,779","healthcare","pharmaceuticals - indian - bulk drugs & formln","midcap",""
66,"Ujjivan Small Finance Bank Ltd","UJJIVANSFB","64.71","3.22%","1,33,78,426","bank","banks - private sector","midcap",""
67,"Ratnaveer Precision Engineering Ltd","RATNAVEER","333.95","3.09%","61,23,089","metals & mining","steel - medium / small","smallcap",""
68,"Triveni Engineering & Industries Limited","TRIVENI","247.55","3.06%","13,49,570","fmcg","sugar","midcap",""
69,"J.G.Chemicals Ltd","JGCHEM","620.1","3.05%","2,45,613","chemicals","chemicals","smallcap",""
70,"Marine Electricals (India) Ltd","MARINE","413.75","3.05%","14,23,212","industrials","electric equipment","midcap",""
71,"Siemens Energy India Ltd","ENRIN","3,313","3.04%","4,62,792","power & utilities","power generation and supply","largecap",""
72,"Axis Bank Limited","AXISBANK","1,222.4","3.03%","69,23,162","bank","banks - private sector","largecap",""
73,"Bank Of Maharashtra Ltd","MAHABANK","84.88","3.03%","1,21,67,444","bank","banks - public sector","largecap",""
74,"Datamatics Global Services Limited","DATAMATICS","807.6","3.02%","2,16,033","i.t","computers - software - medium / small","smallcap",""
75,"Federal-mogul Goetze (india) Limited.","FMGOETZE","482.6","3.02%","2,22,375","auto","auto ancillaries","smallcap",""
76,"Geojit Financial Services Ltd","GEOJITFSL","81.51","2.96%","5,47,369","financials","finance & investments","smallcap",""
77,"Zensar Technologies Limited","ZENSARTECH","434.9","2.92%","10,49,624","i.t","computers - software - medium / small","midcap",""
78,"Bannari Amman Sugars Limited","BANARISUG","3,401.9","2.89%","3,531","fmcg","sugar","smallcap",""
79,"Jash Engineering Ltd","JASH","593.85","2.89%","3,22,251","industrials","engineering","smallcap",""
80,"HLE Glascoat Ltd","HLEGLAS","441.1","2.88%","2,57,150","industrials","engineering","smallcap",""
81,"Stallion India Fluorochemicals Ltd","STALLION","225.76","2.85%","2,27,637","chemicals","chemicals","smallcap",""
82,"Indian Renewable Energy Development Agency Ltd","IREDA","113.22","2.82%","1,33,43,910","financials","finance - term-lending institutions","largecap",""
83,"Precision Wires India Limited","PRECWIRE","502.6","2.8%","6,19,641","metals & mining","mining / minerals / metals","midcap",""
84,"Manappuram Finance Limited","MANAPPURAM","334","2.79%","44,93,331","financials","finance & investments","largecap",""
85,"Asian Energy Services Ltd","ASIANENE","487.75","2.76%","2,26,490","energy","oil drilling / allied services","smallcap",""
86,"Hatsun Agro Product Limited","HATSUN","1,165.3","2.72%","44,714","fmcg","food - processing - indian","largecap",""
87,"Somany Ceramics Limited","SOMANYCERA","618.05","2.69%","2,72,762","building materials","ceramics - tiles / sanitaryware","smallcap",""
88,"Venus Remedies Limited","VENUSREM","1,668.4","2.68%","36,028","healthcare","pharmaceuticals - indian - formulations","smallcap",""
89,"Hyundai Motor India Ltd","HYUNDAI","2,115","2.64%","15,46,794","auto","automobiles - passenger cars","largecap",""
90,"Kaveri Seed Company Limited","KSCL","804.55","2.64%","94,25,259","fmcg","miscellaneous","smallcap",""
91,"Blue Star Limited","BLUESTARCO","1,565","2.62%","5,70,933","consumer discretionary","air-conditioners","largecap",""
92,"Bandhan Bank Ltd","BANDHANBNK","187.7","2.62%","1,01,20,013","bank","banks - private sector","largecap",""
93,"Kcp Limited","KCP","163.29","2.58%","1,47,091","building materials","cement - south india","smallcap",""
94,"Bliss Gvs Pharma Limited","BLISSGVS","704.7","2.57%","4,33,524","healthcare","pharmaceuticals - indian - formulations","midcap",""
95,"Neogen Chemicals Ltd","NEOGEN","2,385.2","2.54%","1,63,069","chemicals","chemicals","midcap",""
96,"Mastek Limited","MASTEK","1,582.8","2.54%","1,97,473","i.t","computers - software - medium / small","smallcap",""
97,"Fiem Industries Limited","FIEMIND","1,965.5","2.52%","1,20,437","auto","auto ancillaries","midcap",""
98,"Info Edge (india) Limited","NAUKRI","1,254.8","2.52%","11,35,428","i.t","miscellaneous","largecap",""
99,"Indiqube Spaces Ltd","INDIQUBE","198.94","2.51%","42,054","co-working","miscellaneous","smallcap",""
100,"Indegene Ltd","INDGN","608.95","2.5%","20,95,862","healthcare","miscellaneous","midcap",""
101,"Chemplast Sanmar Ltd","CHEMPLASTS","197.47","2.5%","5,59,516","chemicals","chemicals","smallcap",""
102,"S J S Enterprises Ltd","SJS","2,317.6","2.49%","68,630","auto","plastics products","midcap",""
103,"Sun Pharma Advanced Research Company Limited","SPARC","209.05","2.49%","22,33,858","healthcare","miscellaneous","midcap",""
104,"Interarch Building Products Ltd","INTERARCH","1,719.7","2.45%","1,03,195","metals & mining","steel - medium / small","smallcap",""
105,"Supriya Lifescience Ltd","SUPRIYA","985.2","2.44%","3,26,713","healthcare","pharmaceuticals - indian - bulk drugs & formln","midcap",""
106,"Leela Palaces Hotels & Resorts Ltd","THELEELA","546.15","2.43%","1,44,533","services","hotels","midcap",""
107,"P N Gadgil Jewellers Ltd","PNGJL","605.5","2.42%","7,54,981","consumer discretionary","diamond cutting / jewellery","midcap",""
108,"Jana Small Finance Bank Ltd","JSFB","535.25","2.4%","30,86,326","bank","banks - private sector","midcap",""
109,"Jubilant Agri & Consumer Products Ltd","JUBLCPL","2,210.1","2.31%","4,393","chemicals","chemicals","smallcap",""
110,"Confidence Petroleum India Ltd","CONFIPET","88.28","2.31%","13,80,621","miscellaneous","miscellaneous","smallcap",""
111,"City Union Bank Limited","CUB","225.57","2.29%","14,84,087","bank","banks - private sector","largecap",""
112,"Inox Wind Limited","INOXWIND","74.75","2.27%","1,10,31,367","industrials","electric equipment","midcap",""
113,"Prabha Energy Ltd","PRABHA","230.87","2.26%","1,61,400","energy","oil drilling / allied services","smallcap",""
114,"Aditya Birla Fashion And Retail Limited","ABFRL","49.14","2.25%","46,19,236","consumer discretionary","textiles - products","midcap",""
115,"Zen Technologies Limited","ZENTEC","1,682.4","2.23%","3,18,892","aerospace & defence","miscellaneous","midcap",""
116,"Eid Parry India Limited","EIDPARRY","704.75","2.2%","3,41,486","fmcg","sugar","midcap",""
117,"Idbi Bank Limited","IDBI","84.4","2.18%","1,83,28,262","bank","banks - private sector","largecap",""
118,"JSW Dulux Ltd","JSWDULUX","3,199.6","2.15%","52,257","building materials","paints / varnishes","midcap",""
119,"Asian Paints Limited","ASIANPAINT","2,444","2.14%","4,26,982","building materials","paints / varnishes","largecap",""
120,"Sanghvi Movers Limited","SANGHVIMOV","456","2.14%","2,69,827","miscellaneous","miscellaneous","smallcap",""
121,"Veedol Corporation Ltd","VEEDOL","1,393.4","2.13%","13,910","chemicals","chemicals","smallcap",""
122,"Borosil Ltd","BOROLTD","264.8","2.12%","13,48,123","building materials","glass & glass products","smallcap",""
123,"KSB Ltd","KSB","819.1","2.11%","2,70,689","industrials","pumps","midcap",""
124,"Symphony Limited","SYMPHONY","588.8","2.1%","37,195","consumer discretionary","domestic appliances","smallcap",""
125,"Easy Trip Planners Ltd","EASEMYTRIP","5.92","2.07%","1,49,57,504","i.t","travel agencies","smallcap",""
126,"Cyient DLM Ltd","CYIENTDLM","931.4","2.05%","2,61,221","aerospace & defence","electronics - components","midcap",""
127,"Restaurant Brands Asia Ltd","RBA","92.51","2.05%","25,84,085","consumer discretionary","hotels","midcap",""
128,"Responsive Industries Limited","RESPONIND","161.23","2.03%","24,49,470","plastic products","plastics products","smallcap",""
129,"GMM Pfaudler Ltd","GMMPFAUDLR","1,505.2","2.02%","2,20,062","industrials","engineering","midcap",""
130,"Syrma SGS Technology Ltd","SYRMA","1,732.6","2%","10,26,235","consumer discretionary","electronics - components","largecap",""
131,"Zydus Lifesciences Ltd","ZYDUSLIFE","1,203.9","2%","19,91,779","healthcare","pharmaceuticals - indian - bulk drugs & formln","largecap",""
132,"Berger Paints (i) Limited","BERGEPAINT","458.35","1.99%","2,19,110","building materials","paints / varnishes","largecap",""
133,"Samvardhana Motherson International Ltd","MOTHERSON","165.71","1.98%","1,42,39,797","auto","auto ancillaries","largecap",""
134,"Deep Industries Ltd","DEEPINDS","781.1","1.97%","3,39,780","energy","oil drilling / allied services","smallcap",""
135,"KPI Green Energy Ltd","KPIGREEN","339.75","1.97%","15,57,582","power & utilities","power generation and supply","midcap",""
136,"Mps Limited","MPSLTD","2,666.9","1.91%","5,474","i.t","computers - software - medium / small","smallcap",""
137,"Piccadily Agro Industries Ltd","PICCADIL","613","1.9%","1,16,320","fmcg","breweries & distilleries","midcap",""
138,"Sonata Software Limited","SONATSOFTW","279.9","1.89%","4,73,878","i.t","computers - software - medium / small","midcap",""
139,"Dlf Limited","DLF","683","1.88%","35,73,018","realty","construction","largecap",""
140,"Azad Engineering Ltd","AZAD","2,728","1.86%","4,38,788","aerospace & defence","engineering","midcap",""
141,"Granules India Limited","GRANULES","868.65","1.83%","5,97,420","healthcare","pharmaceuticals - indian - bulk drugs & formln","largecap",""
142,"Relaxo Footwears Limited","RELAXO","297","1.82%","1,29,942","consumer discretionary","leather / leather products","midcap",""
143,"Persistent Systems Limited","PERSISTENT","5,372","1.8%","3,07,915","i.t","computers - software - large","largecap",""
144,"AU Small Finance Bank Ltd","AUBANK","1,018","1.79%","25,24,193","bank","banks - private sector","largecap",""
145,"Ttk Prestige Limited","TTKPRESTIG","524.4","1.77%","21,938","consumer discretionary","domestic appliances","midcap",""
146,"Belrise Industries Ltd","BELRISE","247.92","1.76%","30,73,786","auto","auto ancillaries","largecap",""
147,"Mahindra & Mahindra Limited","M&M","3,035","1.75%","20,80,300","auto","automobiles - passenger cars","largecap",""
148,"Balu Forge Industries Ltd","BALUFORGE","506.8","1.75%","6,21,775","castings, forgings & fasteners","castings & forgings","midcap",""
149,"Godrej Properties Limited","GODREJPROP","1,700.1","1.73%","2,73,610","realty","construction","largecap",""
150,"Shree Renuka Sugars Limited","RENUKA","23.31","1.7%","2,45,34,315","fmcg","sugar","smallcap",""
151,"Radico Khaitan Limited","RADICO","4,557.1","1.69%","2,51,300","fmcg","breweries & distilleries","largecap",""
152,"Mahamaya Steel Industries Limited","MAHASTEEL","1,232.1","1.67%","3,320","metals & mining","steel - medium / small","smallcap",""
153,"Indoco Remedies Limited","INDOCO","254.46","1.67%","1,00,085","healthcare","pharmaceuticals - indian - bulk drugs & formln","smallcap",""
154,"Ravindra Energy Ltd","RELTD","148.77","1.67%","99,232","industrials","electric equipment","smallcap",""
155,"Astra Microwave Products Limited","ASTRAMICRO","1,622.4","1.64%","2,67,279","aerospace & defence","telecommunications - equipment","midcap",""
156,"Adani Power Limited","ADANIPOWER","202.75","1.64%","1,61,71,228","power & utilities","power generation and supply","largecap",""
157,"Vadilal Industries Limited","VADILALIND","7,534.5","1.63%","6,174","fmcg","food - processing - indian","midcap",""
158,"Sterlite Technologies Limited","STLTECH","837.2","1.63%","8,07,308","industrials","cables - telephone","largecap",""
159,"Gujarat Alkalies And Chemicals Limited","GUJALKALI","630.9","1.63%","46,193","chemicals","chemicals","smallcap",""
160,"International Gemmological Institute (India) Ltd","IGIL","330.55","1.63%","5,51,729","miscellaneous","miscellaneous","midcap",""
161,"Tvs Motor Company Limited","TVSMOTOR","4,157.3","1.62%","4,11,326","auto","automobiles - motorcycles / mopeds","largecap",""
162,"Alembic Pharmaceuticals Limited","APLLTD","863.75","1.62%","3,09,225","healthcare","pharmaceuticals - indian - bulk drugs & formln","midcap",""
163,"Solara Active Pharma Sciences Ltd","SOLARA","739.15","1.62%","2,87,888","healthcare","pharmaceuticals - indian - bulk drugs & formln","smallcap",""
164,"Ador Welding Ltd","ADOR","1,638.9","1.61%","39,147","industrials","electrodes - welding equipment","smallcap",""
165,"Gujarat Themis Biosyn Ltd","GUJTHEM","417","1.6%","1,59,525","healthcare","pharmaceuticals - indian - bulk drugs","midcap",""
166,"Vardhman Special Steels Limited","VSSL","411.5","1.6%","78,218","metals & mining","steel - medium / small","smallcap",""
167,"Hikal Limited","HIKAL","217.58","1.6%","6,03,533","healthcare","pharmaceuticals - indian - bulk drugs","smallcap",""
168,"Privi Speciality Chemicals Ltd","PRIVISCL","3,594.1","1.59%","97,623","chemicals","chemicals","midcap",""
169,"Aditya Birla Real Estate Ltd","ABREL","1,230.9","1.58%","1,64,987","realty","construction","midcap",""
170,"Carysil Ltd","CARYSIL","1,064.4","1.57%","88,707","consumer discretionary","domestic appliances","smallcap",""
171,"Imagicaaworld Entertainment Ltd","IMAGICAA","52.29","1.57%","8,59,001","media","recreation / amusement parks","smallcap",""
172,"Automotive Axles Limited","AUTOAXLES","1,709.8","1.56%","26,667","auto","auto ancillaries","smallcap",""
173,"GE Power India Ltd","GVPIL","669.7","1.56%","1,03,896","realty","engineering - turnkey services","smallcap",""
174,"Westlife Foodworld Ltd","WESTLIFE","578.1","1.55%","4,37,736","consumer discretionary","hotels","midcap",""
175,"Filatex India Limited","FILATEX","106.94","1.54%","69,01,260","textiles","textiles - manmade","smallcap",""
176,"Vedant Fashions Ltd","MANYAVAR","532.5","1.53%","1,99,080","readymade garments/apparels","textiles - products","midcap",""
177,"Aptus Value Housing Finance India Ltd","APTUS","244.6","1.53%","12,78,151","financials","finance - housing","midcap",""
178,"Grauer & Weil (India) Ltd","GRAUWEIL","88.02","1.53%","10,99,667","chemicals","chemicals","smallcap",""
179,"Bajaj Finance Limited","BAJFINANCE","996.9","1.52%","54,67,794","financials","finance & investments","largecap",""
180,"REC Ltd","RECLTD","312.95","1.52%","38,96,789","financials","finance - term-lending institutions","largecap",""
181,"Stylam Industries Ltd","STYLAMIND","3,369.4","1.51%","41,489","building materials","miscellaneous","midcap",""
182,"Techno Electric & Engineering Company Ltd","TECHNOE","1,006.2","1.47%","1,04,359","realty","engineering - turnkey services","midcap",""
183,"RattanIndia Enterprises Ltd","RTNINDIA","26.96","1.47%","9,23,840","financials","finance & investments","smallcap",""
184,"Navin Fluorine International Limited","NAVINFLUOR","8,584.5","1.46%","1,07,462","chemicals","chemicals","largecap",""
185,"Baazar Style Retail Ltd","STYLEBAAZA","375.8","1.46%","6,25,952","consumer discretionary","trading","smallcap",""
186,"KALPATARU","KALPATARU","281.85","1.46%","1,28,997","realty","construction","midcap",""
187,"Gulf Oil Lubricants India Limited","GULFOILLUB","1,106.6","1.45%","59,678","chemicals","chemicals","midcap",""
188,"Authum Investment & Infrastructure Ltd","AIIL","559.6","1.45%","3,38,399","financials","finance & investments","largecap",""
189,"Force Motors Ltd","FORCEMOT","17,388","1.44%","64,737","auto","automobiles - lcvs / hcvs","largecap",""
190,"Tega Industries Ltd","TEGA","2,091.6","1.44%","2,61,282","industrials","engineering","midcap",""
191,"Ganesha Ecosphere Limited","GANECOS","1,028.6","1.44%","48,026","textiles","textiles - manmade","smallcap",""
192,"Star Health & Allied Insurance Company Ltd","STARHEALTH","558.15","1.41%","12,80,937","financials","finance & investments","largecap",""
193,"Kalyani Investment Company Limited","KICL","5,009.5","1.4%","855","financials","finance & investments","smallcap",""
194,"Sky Gold Ltd","SKYGOLD","793.55","1.39%","3,09,335","consumer discretionary","diamond cutting / jewellery","midcap",""
195,"Cupid Limited","CUPID","270","1.39%","1,36,80,181","fmcg","personal care - indian","largecap",""
196,"Niva Bupa Health Insurance Company Ltd","NIVABUPA","77.19","1.39%","11,11,284","financials","finance & investments","midcap",""
197,"Apl Apollo Tubes Limited","APLAPOLLO","2,214.7","1.37%","3,39,098","industrials","steel - large","largecap",""
198,"Solar Industries India Limited","SOLARINDS","19,745","1.36%","1,20,411","aerospace & defence","chemicals","largecap",""
199,"Can Fin Homes Limited","CANFINHOME","753.25","1.36%","3,52,616","financials","finance - housing","midcap",""
200,"Go Digit General Insurance Ltd","GODIGIT","253.7","1.36%","3,65,201","financials","finance & investments","largecap",""
201,"SG Finserve Ltd","SGFIN","609.7","1.35%","1,37,855","financials","finance & investments","smallcap",""
202,"Indian Energy Exchange Ltd","IEX","112.7","1.35%","20,79,348","financials","miscellaneous","midcap",""
203,"Sportking India Ltd","SPORTKING","213.62","1.31%","1,35,844","textiles","textiles - spinning - synthetic / blended","smallcap",""
204,"Adani Green Energy Ltd","ADANIGREEN","1,296.6","1.29%","9,72,126","power & utilities","power generation and supply","largecap",""
205,"Anupam Rasayan India Ltd","ANURAS","1,192.4","1.29%","1,67,982","chemicals","chemicals","midcap",""
206,"Td Power Systems Limited","TDPOWERSYS","751.55","1.29%","10,40,836","industrials","electric equipment","midcap",""
207,"Hemisphere Properties India Ltd","HEMIPROP","120.36","1.29%","2,31,330","realty","construction","smallcap",""
208,"India Glycols Limited","INDIAGLYCO","309.9","1.27%","20,54,007","fmcg","breweries & distilleries","smallcap",""
209,"Jindal Stainless Limited","JSL","748.25","1.26%","17,74,357","metals & mining","steel - large","largecap",""
210,"GMR Power & Urban Infra Ltd","GMRP&UI","102.68","1.25%","21,75,028","realty","engineering - turnkey services","midcap",""
211,"Sansera Engineering Ltd","SANSERA","4,662.4","1.23%","3,15,334","auto","auto ancillaries","largecap",""
212,"Avenue Supermarts Ltd","DMART","3,834.2","1.23%","2,97,635","consumer discretionary","trading","largecap",""
213,"Torrent Pharmaceuticals Limited","TORNTPHARM","4,988.5","1.22%","3,86,632","healthcare","pharmaceuticals - indian - formulations","largecap",""
214,"Hero Motocorp Limited","HEROMOTOCO","5,360","1.21%","2,99,598","auto","automobiles - motorcycles / mopeds","largecap",""
215,"Thermax Limited","THERMAX","3,447.2","1.21%","71,452","industrials","electric equipment","largecap",""
216,"The Phoenix Mills Limited","PHOENIXLTD","1,978.4","1.2%","4,63,656","realty","construction","largecap",""
217,"Gm Breweries Limited","GMBREW","978.8","1.19%","73,282","fmcg","breweries & distilleries","smallcap",""
218,"TCPL Packaging Ltd","TCPLPACK","4,106.8","1.18%","9,656","industrials","packaging","smallcap",""
219,"Quality Power Electrical Equipments Ltd","QPOWER","1,517.8","1.18%","1,61,416","industrials","electric equipment","midcap",""
220,"Jubilant Foodworks Limited","JUBLFOOD","484.55","1.18%","9,45,073","consumer discretionary","hotels","largecap",""
221,"JTL Industries Ltd","JTLIND","91.16","1.18%","15,48,897","metals & mining","steel - medium / small","smallcap",""
222,"Sharda Cropchem Limited","SHARDACROP","749.6","1.17%","75,418","chemicals","pesticides / agrochemicals - indian","midcap",""
223,"Escorts Kubota Ltd","ESCORTS","2,855.7","1.16%","42,484","auto","automobiles - tractors","largecap",""
224,"Hcl Technologies Limited","HCLTECH","1,258","1.16%","15,68,243","i.t","computers - software - large","largecap",""
225,"Power Grid Corporation Of India Limited","POWERGRID","269.5","1.16%","62,41,140","power & utilities","power generation and supply","largecap",""
226,"Voltamp Transformers Limited","VOLTAMP","10,709","1.15%","9,587","industrials","electric equipment","midcap",""
227,"Oberoi Realty Limited","OBEROIRLTY","1,858.5","1.14%","6,38,248","realty","construction","largecap",""
228,"Transrail Lighting Ltd","TRANSRAILL","469.25","1.13%","6,97,224","realty","engineering - turnkey services","midcap",""
229,"Ashok Leyland Limited","ASHOKLEY","159.08","1.13%","1,02,74,172","auto","automobiles - lcvs / hcvs","largecap",""
230,"Birla Corporation Limited","BIRLACORPN","850.3","1.12%","35,349","building materials","cement - north india","midcap",""
231,"Nitin Spinners Limited","NITINSPIN","612.35","1.12%","23,745","textiles","textiles - cotton/blended","smallcap",""
232,"Nrb Bearing Limited","NRBBEARING","534.8","1.12%","3,55,143","industrials","bearings","midcap",""
233,"Cohance Lifesciences Ltd","COHANCE","459.25","1.12%","5,57,235","healthcare","pharmaceuticals - indian - bulk drugs & formln","midcap",""
234,"LTIMindtree Ltd","LTM","4,083","1.11%","3,02,018","i.t","computers - software - large","largecap",""
235,"Tata Power Company Limited","TATAPOWER","367.5","1.11%","17,27,813","power & utilities","power generation and supply","largecap",""
236,"Coromandel International Limited","COROMANDEL","1,963.9","1.1%","49,460","chemicals","fertilizers","largecap",""
237,"Rashi Peripherals Ltd","RPTECH","893","1.08%","2,14,767","i.t","trading","midcap",""
238,"Titan Company Limited","TITAN","4,884","1.07%","3,68,677","consumer discretionary","diamond cutting / jewellery","largecap",""
239,"Time Technoplast Limited","TIMETECHNO","181.22","1.07%","20,79,844","plastic products","plastics products","midcap",""
240,"Nippon Life India Asset Management Ltd","NAM-INDIA","1,157","1.06%","7,52,030","financials","finance & investments","largecap",""
241,"Welspun Living Ltd","WELSPUNLIV","224.68","1.06%","28,58,135","textiles","textiles - products","largecap",""
242,"Bosch Limited","BOSCHLTD","48,250","1.05%","18,852","auto","auto ancillaries","largecap",""
243,"Tanla Solutions Limited","TANLA","494.75","1.05%","2,48,415","i.t","computers - software - medium / small","midcap",""
244,"Kirloskar Ferrous Industries Ltd","KIRLFER","483.2","1.05%","1,46,189","metals & mining","steel - large","midcap",""
245,"Piramal Pharma Ltd","PPLPHARMA","210.31","1.05%","33,61,746","healthcare","pharmaceuticals - indian - bulk drugs & formln","largecap",""
246,"Hitachi Energy India Ltd","POWERINDIA","31,035","1.04%","1,30,207","industrials","electric equipment","largecap",""
247,"Tips Music Ltd","TIPSMUSIC","668.95","1.04%","2,45,082","media","entertainment / electronic media software","midcap",""
248,"Goldiam International Limited","GOLDIAM","325.05","1.04%","2,56,884","consumer discretionary","diamond cutting / jewellery","smallcap",""
249,"Rishabh Instruments Ltd","RISHABH","711.8","1.03%","2,20,502","industrials","electric equipment","smallcap",""
250,"Interglobe Aviation Limited","INDIGO","4,940","1.02%","4,08,716","transportation","transport - airlines","largecap",""
251,"BlackBuck Ltd","BLACKBUCK","598.95","1.01%","6,60,012","transportation","miscellaneous","midcap",""
252,"Sona BLW Precision Forgings Ltd","SONACOMS","824.5","1%","31,01,062","auto","auto ancillaries","largecap",""
253,"Maharashtra Seamless Limited","MAHSEAMLES","715.65","1%","2,10,790","metals & mining","steel - medium / small","midcap",""
254,"Shivalik Bimetal Controls Ltd","SBCL","1,154.5","0.99%","1,42,912","metals & mining","mining / minerals / metals","midcap",""
255,"Vodafone Idea Ltd","IDEA","14.26","0.99%","30,92,60,435","telecom-service","telecommunications - service provider","largecap",""
256,"The Great Eastern Shipping Company Limited","GESHIP","1,497.2","0.98%","4,54,472","transportation","shipping","largecap",""
257,"Harsha Engineers International Ltd","HARSHA","462.05","0.98%","1,50,621","industrials","engineering","smallcap",""
258,"Shaily Engineering Plastics Ltd","SHAILY","3,142.3","0.97%","76,625","plastic products","plastics products","midcap",""
259,"Indigo Paints Ltd","INDIGOPNTS","1,128.6","0.97%","42,663","building materials","paints / varnishes","midcap",""
260,"Coal India Limited","COALINDIA","426.1","0.97%","47,98,343","metals & mining","mining / minerals / metals","largecap",""
261,"Prakash Industries Limited","PRAKASH","118.81","0.96%","4,64,030","metals & mining","steel - medium / small","smallcap",""
262,"Vinati Organics Limited","VINATIORGA","1,206.4","0.95%","21,752","chemicals","chemicals","midcap",""
263,"Gujarat State Fertilizers & Chemicals Limited","GSFC","156.8","0.93%","7,35,930","chemicals","fertilizers","midcap",""
264,"Prism Johnson Ltd","PRSMJOHNSN","116.31","0.93%","2,21,858","building materials","cement - north india","midcap",""
265,"Siemens Limited","SIEMENS","3,877","0.92%","80,353","industrials","electric equipment","largecap",""
266,"Hdfc Bank Limited","HDFCBANK","735.6","0.92%","1,98,53,034","bank","banks - private sector","largecap",""
267,"Sandur Manganese & Iron Ores Ltd","SANDUMA","184.79","0.92%","3,37,776","metals & mining","mining / minerals / metals","midcap",""
268,"Karur Vysya Bank Limited","KARURVYSYA","327.95","0.91%","12,33,878","bank","banks - private sector","largecap",""
269,"Mufin Green Finance Ltd","MUFIN","133.02","0.91%","4,22,205","financials","finance & investments","smallcap",""
270,"Ultratech Cement Limited","ULTRACEMCO","11,155","0.9%","1,91,155","building materials","cement - north india","largecap",""
271,"AAVAS Financiers Ltd","AAVAS","1,267.7","0.9%","49,117","financials","finance - housing","midcap",""
272,"Lloyds Metals & Energy Ltd","LLOYDSME","1,838","0.88%","3,17,553","metals & mining","mining / minerals / metals","largecap",""
273,"Britannia Industries Limited","BRITANNIA","4,937.5","0.87%","1,07,642","fmcg","food - processing - mnc","largecap",""
274,"Bharat Heavy Electricals Limited","BHEL","418.95","0.87%","68,52,409","industrials","electric equipment","largecap",""
275,"D.P. Abhushan Ltd","DPABHUSHAN","1,417.7","0.86%","19,662","consumer discretionary","diamond cutting / jewellery","smallcap",""
276,"Nestle India Limited","NESTLEIND","1,362.6","0.86%","3,82,857","fmcg","food - processing - mnc","largecap",""
277,"Refex Industries Limited","REFEX","285.8","0.86%","2,30,207","services","trading","smallcap",""
278,"MAS Financial Services Ltd","MASFIN","282.75","0.86%","2,26,045","financials","finance & investments","midcap",""
279,"Jindal Saw Limited","JINDALSAW","285.5","0.85%","12,46,596","industrials","steel - large","midcap",""
280,"Torrent Power Limited","TORNTPOWER","1,254.6","0.84%","1,20,680","power & utilities","power generation and supply","largecap",""
281,"E2E Networks Ltd","E2E","652.15","0.84%","4,67,742","i.t","computers - software - medium / small","midcap",""
282,"Gujarat Narmada Valley Fertilizers And Chemicals Limited","GNFC","630.3","0.83%","17,34,397","chemicals","chemicals","midcap",""
283,"Mahindra Lifespace Developers Limited","MAHLIFE","356.85","0.83%","1,55,801","realty","construction","midcap",""
284,"Varun Beverages Limited","VBL","434.8","0.82%","53,65,431","fmcg","food - processing - indian","largecap",""
285,"Balkrishna Industries Limited","BALKRISIND","2,185.3","0.81%","1,14,990","auto","tyres","largecap",""
286,"Senores Pharmaceuticals Ltd","SENORES","1,355.2","0.81%","2,80,996","healthcare","pharmaceuticals - indian - formulations","midcap",""
287,"Religare Enterprises Limited","RELIGARE","242.27","0.81%","4,22,871","financials","finance & investments","midcap",""
288,"TVS Holdings Ltd","TVSHLTD","12,601","0.8%","2,997","financials","finance & investments","largecap",""
289,"Kei Industries Limited","KEI","4,673.5","0.8%","1,40,880","industrials","cables - power","largecap",""
290,"Windlas Biotech Ltd","WINDLAS","1,102.55","0.8%","41,768","healthcare","pharmaceuticals - indian - formulations","smallcap",""
291,"Network People Services Technologies Ltd","NPST","1,796.3","0.79%","39,440","i.t","computers - software - medium / small","smallcap",""
292,"Pg Electroplast Limited","PGEL","518.5","0.79%","4,83,547","consumer discretionary","electronics - components","midcap",""
293,"Gujarat Ambuja Exports Limited","GAEL","163.87","0.79%","5,46,758","fmcg","miscellaneous","midcap",""
294,"HDFC Life Insurance Company Ltd","HDFCLIFE","531","0.78%","42,85,606","financials","finance & investments","largecap",""
295,"D.b.corp Limited","DBCORP","181.71","0.78%","40,295","media","entertainment / electronic media software","smallcap",""
296,"Grasim Industries Limited","GRASIM","3,191","0.77%","7,73,413","textiles","textiles - manmade","largecap",""
297,"Ind-swift Laboratories Limited","INDSWFTLAB","404.35","0.77%","4,41,614","healthcare","pharmaceuticals - indian - bulk drugs & formln","smallcap",""
298,"Prince Pipes & Fittings Ltd","PRINCEPIPE","261.8","0.77%","78,264","plastic products","plastics products","smallcap",""
299,"Shree Cements Limited","SHREECEM","22,520","0.76%","10,112","building materials","cement - north india","largecap",""
300,"Jubilant Pharmova Ltd","JUBLPHARMA","1,071.95","0.76%","1,56,277","healthcare","pharmaceuticals - indian - bulk drugs","midcap",""
301,"Thejo Engineering Ltd","THEJO","2,185","0.75%","4,584","industrials","engineering","smallcap",""
302,"Life Insurance Corporation of India Ltd","LICI","409.05","0.75%","1,15,94,970","financials","finance & investments","largecap",""
303,"Thangamayil Jewellery Limited","THANGAMAYL","5,134.5","0.74%","33,970","consumer discretionary","diamond cutting / jewellery","midcap",""
304,"Graphite India Limited","GRAPHITE","820.7","0.74%","13,51,331","industrials","electrodes - graphites","midcap",""
305,"Iti Limited","ITI","252.9","0.74%","96,575","aerospace & defence","telecommunications - equipment","largecap",""
306,"Omaxe Limited","OMAXE","118.53","0.73%","8,22,641","realty","construction","smallcap",""
307,"Honeywell Automation India Limited","HONAUT","33,865","0.71%","1,266","consumer discretionary","electronics - components","largecap",""
308,"Amber Enterprises India Ltd","AMBER","6,960","0.71%","99,885","consumer discretionary","air-conditioners","largecap",""
309,"Welspun Enterprises Limited","WELENT","754.5","0.71%","2,83,394","realty","construction","midcap",""
310,"Arvind Fashions Ltd","ARVINDFASN","417.2","0.71%","2,53,117","services","trading","midcap",""
311,"L&T Finance Ltd","LTF","284","0.71%","61,84,736","financials","finance & investments","largecap",""
312,"Steel Strips Wheels Limited","SSWL","378.75","0.7%","16,50,357","auto","auto ancillaries","midcap",""
313,"RHI Magnesita India Ltd","RHIM","386.45","0.69%","2,81,131","building materials","refractories / intermediates","midcap",""
314,"Keystone Realtors Ltd","RUSTOMJEE","366.5","0.69%","5,37,143","realty","construction","smallcap",""
315,"Dixon Technologies Ltd","DIXON","13,390","0.68%","2,76,046","consumer discretionary","electronics - consumer","largecap",""
316,"Gland Pharma Ltd","GLAND","2,917.2","0.68%","1,24,312","healthcare","pharmaceuticals - indian - formulations","largecap",""
317,"Motilal Oswal Financial Services Limited","MOTILALOFS","1,029","0.68%","8,66,039","financials","finance & investments","largecap",""
318,"Kansai Nerolac Paints Limited","KANSAINER","180.63","0.68%","1,53,445","building materials","paints / varnishes","midcap",""
319,"CARE Ratings Ltd","CARERATING","1,627.6","0.67%","14,444","financials","miscellaneous","smallcap",""
320,"Brainbees Solutions Ltd","FIRSTCRY","180.83","0.67%","34,72,092","consumer discretionary","trading","midcap",""
321,"Uco Bank Ltd","UCOBANK","23.9","0.67%","26,15,016","bank","banks - public sector","largecap",""
322,"Mmtc Limited","MMTC","58.35","0.66%","9,61,605","services","trading","midcap",""
323,"Bajaj Auto Limited","BAJAJ-AUTO","11,281","0.65%","1,21,620","auto","automobiles - scooters and 3 - wheelers","largecap",""
324,"Galaxy Surfactants Ltd","GALAXYSURF","2,261.3","0.65%","53,147","chemicals","chemicals","midcap",""
325,"Sakar Healthcare Ltd","SAKAR","1,135.85","0.65%","99,278","healthcare","pharmaceuticals - indian - bulk drugs & formln","smallcap",""
326,"Lumax Industries Limited","LUMAXIND","5,769","0.64%","4,537","auto","auto ancillaries","midcap",""
327,"Ramky Infrastructure Limited","RAMKY","312.15","0.64%","23,356","realty","construction","smallcap",""
328,"Paradeep Phosphates Ltd","PARADEEP","155.49","0.64%","14,65,807","chemicals","fertilizers","midcap",""
329,"Maruti Suzuki India Limited","MARUTI","12,065","0.63%","2,83,642","auto","automobiles - passenger cars","largecap",""
330,"Nbcc (india) Limited","NBCC","82.86","0.63%","38,65,127","miscellaneous","miscellaneous","largecap",""
331,"GMR Airports Ltd","GMRAIRPORT","97.95","0.62%","1,01,08,888","miscellaneous","miscellaneous","largecap",""
332,"Shilpa Medicare Limited","SHILPAMED","1,013.45","0.61%","6,04,526","healthcare","pharmaceuticals - indian - formulations","midcap",""
333,"Lodha Developers Ltd","LODHA","1,165","0.6%","8,18,279","realty","construction","largecap",""
334,"Jindal Steel Ltd","JINDALSTEL","1,164.8","0.6%","4,23,334","metals & mining","steel - large","largecap",""
335,"Havells India Limited","HAVELLS","1,096.5","0.6%","3,08,307","consumer discretionary","electric equipment","largecap",""
336,"Bajel Projects Ltd","BAJEL","173.14","0.6%","76,580","realty","engineering - turnkey services","smallcap",""
337,"Arkade Developers Ltd","ARKADE","125.48","0.6%","1,02,310","realty","construction","smallcap",""
338,"Lux Industries Limited","LUXIND","1,174.7","0.59%","50,486","textiles","textiles - composite","smallcap",""
339,"Jain Irrigation Systems Limited","JISLJALEQS","28.75","0.59%","14,16,429","plastic products","plastics products","smallcap",""
340,"Adani Enterprises Limited","ADANIENT","2,916.5","0.57%","5,70,504","services","trading","largecap",""
341,"TBO Tek Ltd","TBOTEK","1,696.9","0.57%","52,783","i.t","travel agencies","midcap",""
342,"Godrej Industries Limited","GODREJIND","1,105.3","0.57%","2,62,360","chemicals","chemicals","largecap",""
343,"Aarti Pharmalabs Ltd","AARTIPHARM","939.55","0.57%","6,75,198","healthcare","pharmaceuticals - indian - bulk drugs & formln","midcap",""
344,"Godrej Consumer Products Limited","GODREJCP","880","0.57%","2,88,234","fmcg","personal care - indian","largecap",""
345,"Himadri Speciality Chemical Limited","HSCL","678.75","0.57%","13,51,330","chemicals","chemicals","largecap",""
346,"Reliance Industries Limited","RELIANCE","1,226","0.56%","1,31,38,735","energy","refineries","largecap",""
347,"Sundram Fasteners Limited","SUNDRMFAST","1,178.9","0.56%","66,426","auto","auto ancillaries","largecap",""
348,"Rbl Bank Limited","RBLBANK","415.05","0.56%","34,19,454","bank","banks - private sector","largecap",""
349,"Black Box Ltd","BBOX","799.75","0.55%","8,14,657","i.t","computers - software - medium / small","midcap",""
350,"Mm Forgings Limited","MMFL","616.15","0.55%","47,442","castings, forgings & fasteners","castings & forgings","smallcap",""
351,"Vaibhav Global Limited","VAIBHAVGBL","206.38","0.55%","1,82,205","consumer discretionary","diamond cutting / jewellery","smallcap",""
352,"Hindustan Aeronautics Ltd","HAL","4,800","0.54%","3,84,467","aerospace & defence","engineering","largecap",""
353,"Avalon Technologies Ltd","AVALON","2,328.5","0.54%","5,34,906","consumer discretionary","electronics - components","midcap",""
354,"Prataap Snacks Ltd","DIAMONDYD","1,071","0.54%","3,449","fmcg","food - processing - indian","smallcap",""
355,"SignatureGlobal India Ltd","SIGNATURE","788.85","0.54%","3,26,668","realty","construction","midcap",""
356,"Apollo Tyres Limited","APOLLOTYRE","400.1","0.54%","3,16,665","auto","tyres","largecap",""
357,"Steel Authority Of India Limited","SAIL","185","0.54%","96,81,139","metals & mining","steel - large","largecap",""
358,"Data Patterns (India) Ltd","DATAPATTNS","4,418.8","0.53%","2,33,402","aerospace & defence","electronics - components","largecap",""
359,"Page Industries Limited","PAGEIND","37,695","0.52%","15,467","readymade garments/apparels","textiles - products","largecap",""
360,"Waaree Energies Ltd","WAAREEENER","2,495","0.52%","6,16,888","industrials","electric equipment","largecap",""
361,"Cochin Shipyard Ltd","COCHINSHIP","1,377","0.51%","4,21,803","aerospace & defence","miscellaneous","largecap",""
362,"Nazara Technologies Ltd","NAZARA","376.45","0.51%","23,96,562","i.t","telecommunications - service provider","midcap",""
363,"Rain Industries Limited","RAIN","219.35","0.51%","32,44,552","miscellaneous","miscellaneous","midcap",""
364,"Jm Financial Limited","JMFINANCIL","127.68","0.51%","16,81,050","financials","finance & investments","midcap",""
365,"Polycab India Ltd","POLYCAB","8,408.5","0.5%","2,96,612","industrials","cables - power","largecap",""
366,"OneSource Specialty Pharma Ltd","ONESOURCE","1,602.6","0.5%","2,27,395","healthcare","pharmaceuticals - indian - bulk drugs & formln","midcap",""
367,"Astral Ltd","ASTRAL","1,399","0.5%","3,58,868","plastic products","plastics products","largecap",""
368,"PSP Projects Ltd","PSPPROJECT","806.65","0.5%","46,119","realty","construction","smallcap",""
369,"Hindustan Unilever Limited","HINDUNILVR","1,942.9","0.49%","7,32,074","fmcg","personal care - multinational","largecap",""
370,"Bajaj Finserv Limited","BAJAJFINSV","1,771","0.49%","14,19,352","financials","finance & investments","largecap",""
371,"Poly Medicure Limited","POLYMED","1,724.4","0.49%","52,539","healthcare","healthcare","midcap",""
372,"KPIT Technologies Ltd","KPITTECH","519.4","0.49%","12,44,484","i.t","computers - software - medium / small","midcap",""
373,"Rail Vikas Nigam Ltd","RVNL","207","0.49%","24,05,229","realty","construction","largecap",""
374,"The Orissa Minerals Development Company Limited","ORISSAMINE","3,734.7","0.48%","4,027","metals & mining","mining / minerals / metals","smallcap",""
375,"Ideaforge Technology Ltd","IDEAFORGE","729.85","0.48%","1,35,969","aerospace & defence","engineering","smallcap",""
376,"Ahluwalia Contracts (india) Limited","AHLUCONT","585.55","0.48%","29,866","realty","construction","smallcap",""
377,"CIE Automotive India Ltd","CIEINDIA","390.8","0.48%","1,91,799","castings, forgings & fasteners","castings & forgings","midcap",""
378,"Iol Chemicals And Pharmaceuticals Limited","IOLCP","204.19","0.48%","24,55,948","healthcare","pharmaceuticals - indian - bulk drugs & formln","midcap",""
379,"Ccl Products (india) Limited","CCL","1,044.4","0.47%","2,68,782","fmcg","tea","midcap",""
380,"Larsen & Toubro Limited","LT","3,876.2","0.46%","12,30,579","realty","engineering - turnkey services","largecap",""
381,"Bharat Forge Limited","BHARATFORG","2,008","0.46%","5,49,393","castings, forgings & fasteners","castings & forgings","largecap",""
382,"Eclerx Services Limited","ECLERX","1,898.8","0.46%","1,21,985","i.t","computers - software - medium / small","midcap",""
383,"State Bank Of India Ltd","SBIN","983","0.46%","37,59,097","bank","banks - public sector","largecap",""
384,"Rategain Travel Technologies Ltd","RATEGAIN","827.75","0.46%","1,19,666","i.t","computers - software - medium / small","midcap",""
385,"Bharat Petroleum Corporation Limited","BPCL","308.5","0.46%","18,93,466","energy","refineries","largecap",""
386,"Basf India Limited","BASF","3,539.8","0.45%","7,887","chemicals","chemicals","midcap",""
387,"Avanti Feeds Limited","AVANTIFEED","753.15","0.45%","2,77,971","fmcg","food - processing - indian","midcap",""
388,"Bata India Limited","BATAINDIA","629.8","0.45%","95,375","consumer discretionary","leather / leather products","midcap",""
389,"Laxmi Organic Industries Ltd","LXCHEM","181.42","0.45%","6,17,908","chemicals","chemicals","midcap",""
390,"Voltas Limited","VOLTAS","1,118.2","0.43%","3,68,727","consumer discretionary","air-conditioners","largecap",""
391,"Triveni Turbine Limited","TRITURBINE","554.2","0.43%","2,38,357","industrials","electric equipment","midcap",""
392,"The Anup Engineering Ltd","ANUP","1,677.1","0.42%","15,001","industrials","engineering","smallcap",""
393,"Raymond Realty Ltd","RAYMONDREL","711.3","0.42%","86,88,746","realty","construction","smallcap",""
394,"Union Bank Of India Ltd","UNIONBANK","180.2","0.42%","64,66,107","bank","banks - public sector","largecap",""
395,"Shriram Finance Ltd","SHRIRAMFIN","994.1","0.41%","27,00,614","financials","finance & investments","largecap",""
396,"Titagarh Rail Systems Ltd","TITAGARH","822.6","0.41%","2,77,001","industrials","engineering","midcap",""
397,"Allied Blenders & Distillers Ltd","ABDL","715.05","0.41%","40,70,753","fmcg","breweries & distilleries","largecap",""
398,"Gufic Biosciences Limited","GUFICBIO","423.75","0.41%","31,206","healthcare","pharmaceuticals - indian - bulk drugs & formln","smallcap",""
399,"Ceigall India Ltd","CEIGALL","384.1","0.41%","2,03,979","realty","construction","midcap",""
400,"Bank Of Baroda Ltd","BANKBARODA","235.26","0.41%","24,93,756","bank","banks - public sector","largecap",""
401,"Moschip Technologies Ltd","MOSCHIP","204.07","0.41%","7,50,714","i.t","computers - hardware","smallcap",""
402,"Fine Organic Industries Ltd","FINEORG","5,083","0.4%","6,621","chemicals","chemicals","midcap",""
403,"Uflex Limited","UFLEX","664.2","0.4%","77,164","industrials","packaging","smallcap",""
404,"Bharat Electronics Limited","BEL","393.55","0.4%","60,83,441","aerospace & defence","electronics - components","largecap",""
405,"Kec International Limited","KEC","396.95","0.39%","5,28,148","realty","transmisson line towers / equipment","midcap",""
406,"Avantel Ltd","AVANTEL","155.94","0.39%","18,50,814","aerospace & defence","telecommunications - equipment","smallcap",""
407,"Indiamart Intermesh Ltd","INDIAMART","1,642.1","0.38%","31,410","i.t","miscellaneous","midcap",""
408,"Sindhu Trade Links Ltd","SINDHUTRAD","23.75","0.38%","3,45,032","transportation","miscellaneous","smallcap",""
409,"Crisil Limited","CRISIL","4,520","0.37%","36,310","financials","miscellaneous","largecap",""
410,"ZF Commercial Vehicle Control System India Ltd","ZFCVINDIA","2,354.2","0.37%","34,703","auto","auto ancillaries","largecap",""
411,"MSTC Ltd","MSTCLTD","740.8","0.37%","4,18,504","i.t","trading","midcap",""
412,"ASK Automotive Ltd","ASKAUTOLTD","645.15","0.37%","1,33,775","auto","auto ancillaries","midcap",""
413,"JSW Infrastructure Ltd","JSWINFRA","362.05","0.37%","39,20,526","transportation","miscellaneous","largecap",""
414,"Itc Limited","ITC","269","0.37%","62,40,148","fmcg","cigarettes","largecap",""
415,"CMS Info Systems Ltd","CMSINFO","233.17","0.37%","5,04,573","miscellaneous","miscellaneous","smallcap",""
416,"Oriental Hotels Limited","ORIENTHOT","140.93","0.37%","3,82,049","services","hotels","smallcap",""
417,"Taj Gvk Hotels & Resorts Limited","TAJGVK","324.35","0.36%","28,904","services","hotels","smallcap",""
418,"Abbott India Limited","ABBOTINDIA","26,955","0.35%","2,263","healthcare","pharmaceuticals - multinational","largecap",""
419,"Dcb Bank Limited","DCBBANK","214.09","0.35%","9,51,797","bank","banks - private sector","midcap",""
420,"Zaggle Prepaid Ocean Services Ltd","ZAGGLE","178.84","0.35%","8,53,946","i.t","computers - software - medium / small","smallcap",""
421,"Muthoot Finance Limited","MUTHOOTFIN","2,835","0.34%","3,12,523","financials","finance & investments","largecap",""
422,"Hindustan Oil Exploration Company Limited","HINDOILEXP","173.38","0.33%","3,30,435","energy","oil drilling / allied services","smallcap",""
423,"Tech Mahindra Limited","TECHM","1,548","0.32%","9,39,846","i.t","computers - software - large","largecap",""
424,"Indostar Capital Finance Ltd","INDOSTAR","218.64","0.32%","67,323","financials","finance & investments","smallcap",""
425,"Dolphin Offshore Enterprises (India) Ltd","DOLPHIN","687.45","0.31%","35,738","energy","oil drilling / allied services","smallcap",""
426,"Hindustan Zinc Limited","HINDZINC","588.95","0.31%","33,49,241","metals & mining","mining / minerals / metals","largecap",""
427,"Lic Housing Finance Limited","LICHSGFIN","566","0.31%","10,70,523","financials","finance - housing","largecap",""
428,"Ashiana Housing Limited","ASHIANA","389.7","0.31%","19,421","realty","construction","smallcap",""
429,"Bhagiradha Chemicals & Industries Ltd","BHAGCHEM","245.6","0.31%","65,273","chemicals","pesticides / agrochemicals - indian","smallcap",""
430,"Jsw Steel Limited","JSWSTEEL","1,277","0.3%","10,32,391","metals & mining","steel - large","largecap",""
431,"Vimta Labs Limited","VIMTALABS","599.3","0.3%","1,51,067","healthcare","miscellaneous","smallcap",""
432,"PCBL Ltd","PCBL","339.6","0.3%","6,69,776","chemicals","chemicals","midcap",""
433,"Eicher Motors Limited","EICHERMOT","7,360","0.29%","2,01,194","auto","automobiles - motorcycles / mopeds","largecap",""
434,"Suprajit Engineering Limited","SUPRAJIT","488","0.28%","54,422","auto","auto ancillaries","midcap",""
435,"HFCL Ltd","HFCL","211.27","0.28%","32,01,783","telecom","cables - telephone","largecap",""
436,"Pi Industries Limited","PIIND","2,400","0.27%","4,46,431","chemicals","pesticides / agrochemicals - indian","largecap",""
437,"Chennai Petroleum Corporation Limited","CHENNPETRO","1,376.4","0.27%","11,15,488","energy","refineries","largecap",""
438,"Bluestone Jewellery and Lifestyle Ltd","BLUESTONE","809.3","0.27%","20,86,039","consumer discretionary","diamond cutting / jewellery","midcap",""
439,"Yes Bank Limited","YESBANK","22.5","0.27%","3,04,26,808","bank","banks - private sector","largecap",""
440,"Alok Industries Ltd","ALOKINDS","7.5","0.27%","2,00,04,287","textiles","textiles - processing","smallcap",""
441,"G R Infraprojects Ltd","GRINFRA","812.4","0.26%","12,680","realty","construction","midcap",""
442,"Ajmera Realty & Infra India Limited","AJMERA","120.82","0.26%","1,64,978","realty","construction","smallcap",""
443,"Gateway Distriparks Ltd","GATEWAY","52.5","0.25%","2,82,280","transportation","miscellaneous","smallcap",""
444,"BSE (Bombay stock exchange) Ltd","BSE","3,191.5","0.24%","45,01,619","financials","miscellaneous","largecap",""
445,"Sanofi India Limited","SANOFI","3,140.2","0.24%","13,319","healthcare","pharmaceuticals - multinational","midcap",""
446,"Srf Limited","SRF","2,540","0.24%","1,05,615","chemicals","chemicals","largecap",""
447,"Ifb Industries Limited","IFBIND","1,225.2","0.24%","13,377","consumer discretionary","domestic appliances","smallcap",""
448,"Indian Bank Ltd","INDIANB","832","0.24%","10,35,590","bank","banks - public sector","largecap",""
449,"Akums Drugs & Pharmaceuticals Ltd","AKUMS","819.55","0.24%","1,52,812","healthcare","pharmaceuticals - indian - bulk drugs & formln","midcap",""
450,"NACL Industries Ltd","NACLIND","139.67","0.24%","3,86,366","chemicals","pesticides / agrochemicals - indian","smallcap",""
451,"Craftsman Automation Ltd","CRAFTSMAN","10,735","0.23%","39,510","auto","auto ancillaries","largecap",""
452,"Ajanta Pharma Limited","AJANTPHARM","3,547.8","0.23%","46,112","healthcare","pharmaceuticals - indian - formulations","largecap",""
453,"Wipro Limited","WIPRO","164.02","0.23%","97,00,283","i.t","computers - software - large","largecap",""
454,"Marathon Nextgen Realty Limited","MARATHON","411.7","0.22%","24,860","realty","construction","smallcap",""
455,"Vintage Coffee & Beverages Ltd","VINCOFE","184.15","0.22%","9,11,215","consumer discretionary","trading","smallcap",""
456,"Bajaj Housing Finance Ltd","BAJAJHFL","83.14","0.22%","31,21,239","financials","finance - housing","largecap",""
457,"Bajaj Holdings & Investment Limited","BAJAJHLDNG","10,940","0.21%","41,708","financials","finance & investments","largecap",""
458,"Choice International Ltd","CHOICEIN","751.05","0.21%","3,24,562","financials","finance & investments","midcap",""
459,"Redington (india) Limited","REDINGTON","407.25","0.21%","24,73,777","services","trading","largecap",""
460,"Pilani Investment And Industries Corporation Limited","PILANIINVS","4,015","0.2%","1,020","financials","finance & investments","smallcap",""
461,"Kirloskar Brothers Limited","KIRLOSBROS","1,771.9","0.2%","22,399","industrials","pumps","midcap",""
462,"Sms Pharmaceuticals Limited","SMSPHARMA","475","0.2%","3,61,831","healthcare","pharmaceuticals - indian - bulk drugs","smallcap",""
463,"Knr Constructions Limited","KNRCON","120.27","0.2%","8,00,438","realty","construction","smallcap",""
464,"Prestige Estates Projects Limited","PRESTIGE","1,477.8","0.19%","3,12,842","realty","construction","largecap",""
465,"India Shelter Finance Corporation Ltd","INDIASHLTR","654.3","0.19%","51,372","financials","finance - housing","midcap",""
466,"Apollo Pipes Ltd","APOLLOPIPE","511.45","0.19%","1,77,165","plastic products","plastics products","smallcap",""
467,"Fusion Micro Finance Ltd","FUSION","177.14","0.19%","3,97,315","financials","finance & investments","smallcap",""
468,"Indian Overseas Bank Ltd","IOB","31.98","0.19%","11,04,893","bank","banks - public sector","largecap",""
469,"Jaiprakash Power Ventures Limited","JPPOWER","15.87","0.19%","3,06,26,176","power & utilities","power generation and supply","midcap",""
470,"Divi's Laboratories Limited","DIVISLAB","9,619.5","0.18%","3,88,859","healthcare","pharmaceuticals - indian - bulk drugs","largecap",""
471,"Deepak Fertilizers And Petrochemicals Corporation Limited","DEEPAKFERT","1,363.8","0.18%","3,94,991","chemicals","chemicals","midcap",""
472,"Jk Lakshmi Cement Limited","JKLAKSHMI","510.35","0.18%","63,165","building materials","cement - north india","midcap",""
473,"Bombay Dyeing & Mfg Company Limited","BOMDYEING","109.83","0.18%","2,77,583","textiles","textiles - manmade","smallcap",""
474,"Fischer Medical Ventures Ltd","FISCHER","34.29","0.18%","8,91,671","services","trading","smallcap",""
475,"Punjab & Sind Bank","PSB","21.82","0.18%","5,33,659","bank","banks - public sector","midcap",""
476,"India Nippon Electricals Limited","INDNIPPON","1,318.2","0.17%","88,704","auto","auto ancillaries","smallcap",""
477,"Varroc Engineering Ltd","VARROC","834.85","0.17%","85,714","auto","auto ancillaries","midcap",""
478,"Hindustan Petroleum Corporation Limited","HINDPETRO","351","0.17%","49,57,719","energy","refineries","largecap",""
479,"Rashtriya Chemicals And Fertilizers Limited","RCF","108.58","0.17%","6,42,414","chemicals","fertilizers","midcap",""
480,"Aditya Birla Lifestyle Brands Ltd","ABLBL","78.72","0.17%","6,31,342","consumer discretionary","textiles - products","midcap",""
481,"Bls International Services Limited","BLS","224.26","0.16%","4,29,818","i.t","computers - software - medium / small","midcap",""
482,"Samhi Hotels Ltd","SAMHI","159.19","0.16%","3,52,713","services","hotels","smallcap",""
483,"Adani Ports And Special Economic Zone Limited","ADANIPORTS","1,788","0.15%","8,95,306","transportation","miscellaneous","largecap",""
484,"Mahindra Holidays & Resorts India Limited","MHRIL","200","0.15%","44,040","services","hotels","smallcap",""
485,"Suzlon Energy Limited","SUZLON","40.8","0.15%","5,70,74,067","industrials","electric equipment","largecap",""
486,"Kingfa Science & Technology (india) Limited","KINGFA","6,237.5","0.14%","5,672","plastic products","plastics products","midcap",""
487,"Nuvoco Vistas Corporation Ltd","NUVOCO","335.45","0.13%","2,04,487","building materials","cement - north india","midcap",""
488,"Gujarat Energy Ltd","GUJENERGY","236.02","0.13%","4,51,419","energy","miscellaneous","largecap",""
489,"Bank Of India Ltd","BANKINDIA","137.94","0.13%","15,90,019","bank","banks - public sector","largecap",""
490,"Sun Pharmaceuticals Industries Limited","SUNPHARMA","1,852.2","0.12%","6,83,246","healthcare","pharmaceuticals - indian - bulk drugs & formln","largecap",""
491,"Pitti Engineering Ltd","PITTIENG","1,162.4","0.12%","93,537","industrials","engineering","smallcap",""
492,"V2 Retail Limited","V2RETAIL","214.72","0.12%","6,12,614","consumer discretionary","textiles - products","midcap",""
493,"Subros Limited","SUBROS","720.9","0.11%","25,909","auto","auto ancillaries","smallcap",""
494,"Krbl Limited","KRBL","398.65","0.11%","4,59,998","fmcg","food - processing - indian","midcap",""
495,"Indian Railway Finance Corporation Ltd","IRFC","79.95","0.11%","47,01,461","financials","finance - term-lending institutions","largecap",""
496,"Tata Elxsi Limited","TATAELXSI","3,186.9","0.1%","1,77,199","i.t","computers - software - medium / small","midcap",""
497,"Medplus Health Services Ltd","MEDPLUS","654.9","0.1%","1,22,436","consumer discretionary","trading","midcap",""
498,"Sun Tv Network Limited","SUNTV","513.2","0.1%","7,91,506","media","entertainment / electronic media software","largecap",""
499,"Rajratan Global Wire Ltd","RAJRATAN","472.5","0.1%","25,305","metals & mining","steel - medium / small","smallcap",""
500,"The South Indian Bank Limited","SOUTHBANK","49.95","0.1%","2,88,89,000","bank","banks - private sector","midcap",""
501,"Zydus Wellness Limited","ZYDUSWELL","520.6","0.09%","60,614","fmcg","food - processing - indian","midcap",""
502,"Upl Limited","UPL","550.05","0.08%","20,67,628","chemicals","pesticides / agrochemicals - indian","largecap",""
503,"National Aluminium Company Limited","NATIONALUM","358.7","0.08%","18,69,148","metals & mining","aluminium and aluminium products","largecap",""
504,"Vip Industries Limited","VIPIND","301.2","0.08%","2,08,836","plastic products","moulded luggage","smallcap",""
505,"Finolex Industries Limited","FINPIPE","154.16","0.08%","3,46,254","plastic products","plastics products","midcap",""
506,"Macpower CNC Machines Ltd","MACPOWER","2,062.5","0.07%","22,980","industrials","engineering","smallcap",""
507,"Sudarshan Chemical Industries Limited","SUDARSCHEM","1,218.9","0.07%","71,354","chemicals","dyes and pigments","midcap",""
508,"Waaree Renewables Technologies Ltd","WAAREERTL","832.9","0.07%","77,627","power & utilities","engineering - turnkey services","midcap",""
509,"Mangalore Refinery And Petrochemicals Limited","MRPL","164.6","0.07%","32,44,699","energy","refineries","largecap",""
510,"Raghav Productivity Enhancers Ltd","RPEL","1,699.5","0.06%","49,098","building materials","refractories / intermediates","midcap",""
511,"Veranda Learning Solutions Ltd","VERANDA","232.59","0.06%","4,10,254","services","miscellaneous","smallcap",""
512,"Ashoka Buildcon Limited","ASHOKA","113.12","0.06%","2,95,342","realty","engineering - turnkey services","smallcap",""
513,"Colgate Palmolive (india) Limited","COLPAL","1,855.8","0.05%","3,59,623","fmcg","personal care - multinational","largecap",""
514,"Cipla Limited","CIPLA","1,399.7","0.05%","11,66,527","healthcare","pharmaceuticals - indian - bulk drugs & formln","largecap",""
515,"Dr. Reddy's Laboratories Limited","DRREDDY","1,201","0.05%","10,01,238","healthcare","pharmaceuticals - indian - bulk drugs & formln","largecap",""
516,"Shanthi Gears Limited","SHANTIGEAR","666.55","0.05%","28,415","industrials","engineering","midcap",""
517,"Mahindra Logistics Ltd","MAHLOG","420.25","0.05%","4,47,609","transportation","miscellaneous","smallcap",""
518,"Swan Corp Ltd","SWANCORP","294.85","0.05%","5,05,644","textiles","textiles - products","midcap",""
519,"IDFC First Bank Ltd","IDFCFIRSTB","83.8","0.05%","2,04,25,204","bank","banks - private sector","largecap",""
520,"Mrf Limited","MRF","1,24,035","0.04%","2,338","auto","tyres","largecap",""
521,"United Spirits Ltd","UNITDSPR","1,423.8","0.04%","3,62,455","fmcg","breweries & distilleries","largecap",""
522,"Pnb Housing Finance Limited","PNBHOUSING","1,094.9","0.04%","3,99,362","financials","finance - housing","largecap",""
523,"Wonderla Holidays Limited","WONDERLA","510.15","0.04%","43,470","media","recreation / amusement parks","smallcap",""
524,"Sammaan Capital Ltd","SAMMAANCAP","140.61","0.04%","34,54,356","financials","finance - housing","midcap",""
525,"Brigade Hotel Ventures Ltd","BRIGHOTEL","56.13","0.04%","71,084","services","hotels","smallcap",""
526,"Century Plyboards (india) Limited","CENTURYPLY","694.45","0.03%","50,249","building materials","miscellaneous","midcap",""
527,"Kiocl Limited","KIOCL","340.75","0.03%","59,387","metals & mining","mining / minerals / metals","largecap",""
528,"Nilkamal Limited","NILKAMAL","1,884","0.02%","26,097","plastic products","plastics products","smallcap",""
529,"Acc Limited","ACC","1,236.4","0.02%","45,301","building materials","cement - north india","largecap",""
530,"Thyrocare Technologies Limited","THYROCARE","566.85","0.02%","1,29,345","healthcare","healthcare","midcap",""
531,"EPL Ltd","EPL","238.1","0.02%","14,39,511","industrials","packaging","midcap",""
532,"Apollo Hospitals Enterprise Limited","APOLLOHOSP","8,889","0.01%","4,38,457","healthcare","healthcare","largecap",""
533,"Supreme Petrochem Ltd","SPLPETRO","880","0.01%","1,62,786","energy","petrochemicals","midcap",""
534,"Fertilizers And Chemicals Travancore Limited","FACT","777.9","0.01%","64,010","chemicals","fertilizers","largecap",""
535,"Rallis India Limited","RALLIS","200.38","0.01%","3,78,388","chemicals","pesticides / agrochemicals - indian","smallcap",""
536,"Tarc Ltd","TARC","129.36","0.01%","1,81,062","realty","construction","smallcap",""
537,"Ntpc Limited","NTPC","326.6","0%","60,75,589","power & utilities","power generation and supply","largecap",""
538,"Dishman Carbogen Amcis Ltd","DCAL","168.19","0%","65,506","healthcare","pharmaceuticals - indian - bulk drugs & formln","smallcap",""
539,"Pokarna Limited","POKARNA","728.95","-0.01%","50,362","consumer discretionary","miscellaneous","smallcap",""
540,"Tsf Investments Ltd","TSFINV","456.85","-0.01%","1,33,702","financials","finance & investments","midcap",""
541,"Kolte - Patil Developers Limited","KOLTEPATIL","432","-0.01%","33,128","realty","construction","smallcap",""
542,"Security & Intelligence Services India","SIS","418.4","-0.01%","83,932","miscellaneous","miscellaneous","midcap",""
543,"LMW Ltd","LMW","17,133","-0.02%","2,399","industrials","textile machinery","midcap",""
544,"Esab India Limited","ESABINDIA","5,527","-0.02%","2,898","industrials","electrodes - welding equipment","midcap",""
545,"Ingersoll Rand (india) Limited","INGERRAND","4,233.6","-0.02%","6,700","industrials","compressors / drilling equipment","midcap",""
546,"Premier Explosives Limited","PREMEXPLN","680.35","-0.02%","97,193","aerospace & defence","chemicals","smallcap",""
547,"Just Dial Limited","JUSTDIAL","672.2","-0.02%","68,435","i.t","miscellaneous","midcap",""
548,"CSB Bank Ltd","CSBBANK","333.7","-0.02%","1,86,281","bank","banks - private sector","midcap",""
549,"Cesc Limited","CESC","139.86","-0.02%","24,29,335","power & utilities","power generation and supply","midcap",""
550,"Gallant Ispat Ltd","GALLANTT","545.1","-0.03%","58,267","metals & mining","steel - medium / small","midcap",""
551,"Aditya Birla Capital Ltd","ABCAPITAL","390","-0.03%","27,52,305","financials","finance & investments","largecap",""
552,"Dabur India Limited","DABUR","385.6","-0.03%","6,90,022","fmcg","personal care - indian","largecap",""
553,"Petronet Lng Limited","PETRONET","286.5","-0.03%","8,80,374","energy","miscellaneous","largecap",""
554,"Tata Steel Limited","TATASTEEL","187.97","-0.03%","1,58,90,667","metals & mining","steel - large","largecap",""
555,"Central Bank Of India Ltd","CENTRALBK","31.18","-0.03%","31,33,875","bank","banks - public sector","largecap",""
556,"Aarti Industries Limited","AARTIIND","489.25","-0.04%","3,02,323","chemicals","chemicals","midcap",""
557,"Dilip Buildcon Limited","DBL","412.45","-0.04%","1,00,526","realty","construction","midcap",""
558,"Gujarat Pipavav Port Limited","GPPL","163.2","-0.04%","13,28,565","transportation","miscellaneous","midcap",""
559,"PTC Industries Ltd","PTCIL","21,810","-0.05%","10,588","castings, forgings & fasteners","castings & forgings","largecap",""
560,"Ceat Limited","CEATLTD","3,352.2","-0.05%","38,247","auto","tyres","midcap",""
561,"Mrs Bectors Food Specialities Ltd","BECTORFOOD","215.58","-0.05%","4,28,994","fmcg","food - processing - indian","midcap",""
562,"Balmer Lawrie & Company Limited","BALMLAWRIE","164.16","-0.05%","89,064","miscellaneous","diversified - large","smallcap",""
563,"R R Kabel Ltd","RRKABEL","2,528.3","-0.06%","2,06,897","industrials","cables - power","largecap",""
564,"Metropolis Healthcare Ltd","METROPOLIS","582.6","-0.06%","1,30,509","healthcare","healthcare","midcap",""
565,"Chambal Fertilizers & Chemicals Limited","CHAMBLFERT","417.95","-0.06%","5,51,322","chemicals","fertilizers","midcap",""
566,"Standard Enginnering Technology Ltd","SETL","402.55","-0.06%","5,00,272","industrials","engineering","midcap",""
567,"Praj Industries Limited","PRAJIND","315.9","-0.06%","3,37,732","industrials","engineering","midcap",""
568,"Neuland Laboratories Limited","NEULANDLAB","21,890","-0.07%","41,988","healthcare","pharmaceuticals - indian - bulk drugs","largecap",""
569,"Cartrade Tech Ltd","CARTRADE","3,002.6","-0.07%","3,22,295","consumer discretionary","miscellaneous","midcap",""
570,"Travel Food Services Ltd","TRAVELFOOD","1,213.3","-0.07%","64,775","consumer discretionary","hotels","midcap",""
571,"Vikram Solar Ltd","VIKRAMSOLR","160.31","-0.07%","8,97,713","industrials","electric equipment","midcap",""
572,"National Fertilizers Limited","NFL","66.67","-0.07%","4,40,381","chemicals","fertilizers","smallcap",""
573,"Swaraj Engines Limited","SWARAJENG","3,545.7","-0.08%","4,651","industrials","engines","smallcap",""
574,"Emcure Pharmaceuticals Ltd","EMCURE","1,950.6","-0.08%","32,384","healthcare","pharmaceuticals - indian - bulk drugs & formln","largecap",""
575,"CG Power and Industrial Solutions Ltd","CGPOWER","886","-0.08%","9,64,372","industrials","electric equipment","largecap",""
576,"Ambuja Cements Limited","AMBUJACEM","383.8","-0.08%","11,80,134","building materials","cement - north india","largecap",""
577,"L&t Technology Services Limited","LTTS","3,206.1","-0.09%","23,468","i.t","computers - software - large","largecap",""
578,"Sobha Limited","SOBHA","1,226.6","-0.09%","57,820","realty","construction","midcap",""
579,"Jio Financial Services Ltd","JIOFIN","227","-0.09%","77,41,336","financials","finance & investments","largecap",""
580,"HDFC Asset Management Company Ltd","HDFCAMC","2,378","-0.1%","3,63,424","financials","finance & investments","largecap",""
581,"C.E. Info Systems Ltd","MAPMYINDIA","881.9","-0.1%","76,763","i.t","computers - software - medium / small","smallcap",""
582,"IIFL Finance Ltd","IIFL","616.95","-0.1%","8,43,724","financials","finance & investments","largecap",""
583,"Kalyan Jewellers India Ltd","KALYANKJIL","573","-0.1%","28,31,344","consumer discretionary","diamond cutting / jewellery","largecap",""
584,"Landmark Cars Ltd","LANDMARK","488.55","-0.1%","54,874","consumer discretionary","trading","smallcap",""
585,"Ion Exchange (India) Ltd","IONEXCHANG","420.15","-0.1%","1,08,351","realty","engineering - turnkey services","midcap",""
586,"Sirca Paints India Ltd","SIRCA","410.3","-0.1%","1,19,005","building materials","paints / varnishes","smallcap",""
587,"Mazagon Dock Shipbuilders Ltd","MAZDOCK","2,199.6","-0.11%","4,26,521","aerospace & defence","miscellaneous","largecap",""
588,"Coforge (Niit Tech) Ltd","COFORGE","1,784","-0.11%","8,03,153","i.t","computers - software - large","largecap",""
589,"Adani Total Gas Ltd","ATGL","611.65","-0.12%","5,47,772","energy","miscellaneous","largecap",""
590,"Ather Energy Ltd","ATHERENERG","1,497","-0.13%","18,96,434","auto","automobiles - scooters and 3 - wheelers","largecap",""
591,"Dcm Shriram Limited","DCMSHRIRAM","974.3","-0.13%","20,353","miscellaneous","diversified - mega","midcap",""
592,"Marksans Pharma Limited","MARKSANS","336.95","-0.13%","14,52,979","healthcare","pharmaceuticals - indian - formulations","midcap",""
593,"Orient Cement Limited","ORIENTCEM","122.16","-0.13%","4,91,051","building materials","cement - south india","smallcap",""
594,"Trident Limited","TRIDENT","23.12","-0.13%","21,93,149","textiles","textiles - cotton/blended","midcap",""
595,"Foseco India Limited","FOSECOIND","6,468","-0.14%","19,496","chemicals","chemicals","smallcap",""
596,"Skf India Limited","SKFINDIA","1,539.8","-0.14%","21,172","industrials","bearings","midcap",""
597,"Medi Assist Healthcare Services Ltd","MEDIASSIST","319.85","-0.14%","4,91,837","miscellaneous","miscellaneous","smallcap",""
598,"Jamna Auto Industries Limited","JAMNAAUTO","138.2","-0.14%","34,96,903","auto","auto ancillaries","midcap",""
599,"Valor Estate Ltd","DBREALTY","100.08","-0.14%","6,67,369","realty","construction","midcap",""
600,"GE Vernova T&D India Ltd","GVT&D","4,280","-0.15%","3,25,045","industrials","electric equipment","largecap",""
601,"Bombay Burmah Trading Corporation Limited","BBTC","1,435.2","-0.15%","31,881","auto","auto ancillaries","midcap",""
602,"Adani Energy Solutions Ltd","ADANIENSOL","1,338.5","-0.15%","15,34,753","power & utilities","power generation and supply","largecap",""
603,"Central Depository Services Ltd","CDSL","1,318","-0.15%","12,48,040","financials","miscellaneous","largecap",""
604,"Eternal Ltd","ETERNAL","335","-0.15%","2,45,08,361","i.t","miscellaneous","largecap",""
605,"Apar Industries Limited","APARINDS","17,776","-0.16%","85,829","industrials","electric equipment","largecap",""
606,"Godawari Power And Ispat Limited","GPIL","229.42","-0.16%","8,63,273","metals & mining","steel - medium / small","midcap",""
607,"TVS Supply Chain Solutions Ltd","TVSSCS","130.26","-0.16%","4,20,956","transportation","miscellaneous","midcap",""
608,"Kovai Medical Center & Hospital Ltd","KOVAI","6,090.5","-0.17%","3,285","healthcare","healthcare","midcap",""
609,"Sai Life Sciences Ltd","SAILIFE","1,592.2","-0.17%","2,65,877","healthcare","pharmaceuticals - indian - bulk drugs & formln","largecap",""
610,"PVR Inox Ltd","PVRINOX","1,254.6","-0.17%","3,74,832","media","entertainment / electronic media software","midcap",""
611,"Divgi Torqtransfer Systems Ltd","DIVGIITTS","1,154.6","-0.17%","67,322","auto","auto ancillaries","smallcap",""
612,"Godfrey Phillips India Limited","GODFRYPHLP","1,970.4","-0.18%","68,917","fmcg","cigarettes","largecap",""
613,"Premier Energies Ltd","PREMIERENE","896.4","-0.18%","4,55,438","services","trading","largecap",""
614,"Raymond Lifestyle Ltd","RAYMONDLSL","687.6","-0.18%","2,40,261","textiles","textiles - products","smallcap",""
615,"JTEKT India Ltd","JTEKTINDIA","118.07","-0.18%","59,407","auto","auto ancillaries","smallcap",""
616,"Procter & Gamble Health Ltd","PGHL","5,406","-0.19%","3,567","healthcare","pharmaceuticals - multinational","midcap",""
617,"Elecon Engineering Company Limited","ELECON","458.25","-0.19%","6,31,253","industrials","engineering","midcap",""
618,"AWL Agri Business Ltd","AWL","184.34","-0.19%","14,39,611","fmcg","solvent extraction","largecap",""
619,"Housing and Urban Development Corporation Ltd","HUDCO","173.99","-0.19%","8,36,257","financials","finance - term-lending institutions","largecap",""
620,"Ramco Systems Limited","RAMCOSYS","580.2","-0.2%","27,563","i.t","computers - software - medium / small","smallcap",""
621,"Tata Communications Limited","TATACOMM","1,666.5","-0.21%","1,26,901","telecom-service","telecommunications - service provider","largecap",""
622,"Minda Corporation Limited","MINDACORP","678.85","-0.21%","74,927","auto","auto ancillaries","midcap",""
623,"Hindustan Copper Limited","HINDCOPPER","494.65","-0.21%","36,49,150","metals & mining","mining / minerals / metals","largecap",""
624,"JSW Cement Ltd","JSWCEMENT","115.47","-0.21%","24,47,516","building materials","cement - north india","midcap",""
625,"Bikaji Foods International Ltd","BIKAJI","573.95","-0.22%","71,004","fmcg","food - processing - indian","midcap",""
626,"Skipper Limited","SKIPPER","551.15","-0.22%","3,73,119","industrials","engineering","midcap",""
627,"Patanjali Foods Ltd","PATANJALI","403.95","-0.22%","16,48,377","fmcg","solvent extraction","largecap",""
628,"Aurobindo Pharma Limited","AUROPHARMA","1,712","-0.23%","6,24,705","healthcare","pharmaceuticals - indian - bulk drugs & formln","largecap",""
629,"Tata Consultancy Services Limited","TCS","2,082","-0.24%","33,42,195","i.t","computers - software - large","largecap",""
630,"Kotak Mahindra Bank Limited","KOTAKBANK","404","-0.25%","1,81,75,573","bank","banks - private sector","largecap",""
631,"Patel Engineering Limited","PATELENG","27.61","-0.25%","16,59,476","realty","construction","smallcap",""
632,"The Indian Hotels Company Limited","INDHOTEL","726.8","-0.27%","15,38,596","services","hotels","largecap",""
633,"Nlc India Limited","NLCINDIA","262.55","-0.27%","8,15,195","power & utilities","power generation and supply","largecap",""
634,"Mangalam Cement Limited","MANGLMCEM","1,028.6","-0.28%","27,439","building materials","cement - north india","smallcap",""
635,"Aeroflex Industries Ltd","AEROFLEX","525.7","-0.28%","5,15,468","metals & mining","steel - medium / small","midcap",""
636,"Route Mobile Ltd","ROUTE","463","-0.28%","1,00,904","i.t","computers - software - medium / small","smallcap",""
637,"Rattanindia Power Limited","RTNPOWER","7","-0.28%","1,43,84,293","power & utilities","power generation and supply","smallcap",""
638,"Novartis India Ltd","NOVARTIND","1,965.6","-0.29%","17,098","healthcare","pharmaceuticals - multinational","smallcap",""
639,"Metro Brands Ltd","METROBRAND","882","-0.29%","1,20,763","consumer discretionary","leather / leather products","largecap",""
640,"Ganesh Housing Ltd","GANESHHOU","734.75","-0.29%","18,687","realty","construction","midcap",""
641,"Sandhar Technologies Limited","SANDHAR","574","-0.29%","88,878","auto","auto ancillaries","smallcap",""
642,"Siyaram Silk Mills Limited","SIYSIL","538.05","-0.29%","9,287","textiles","textiles - processing","smallcap",""
643,"IIFL Capital Services Ltd","IIFLCAPS","346.7","-0.29%","2,63,461","financials","finance & investments","midcap",""
644,"Genus Power Infrastructures Limited","GENUSPOWER","305.7","-0.29%","8,66,753","consumer discretionary","electronics - components","midcap",""
645,"Kajaria Ceramics Limited","KAJARIACER","1,218.1","-0.3%","2,51,382","building materials","ceramics - tiles / sanitaryware","midcap",""
646,"Nesco Limited","NESCO","1,070.3","-0.3%","27,868","realty","construction","midcap",""
647,"Electrosteel Castings Limited","ELECTCAST","72.34","-0.3%","7,57,352","castings, forgings & fasteners","castings & forgings","smallcap",""
648,"Aegis Logistics Ltd","AEGISLOG","1,365.4","-0.31%","2,90,729","services","trading","largecap",""
649,"TATA Consumer Products Ltd","TATACONSUM","983.2","-0.31%","8,85,948","fmcg","tea","largecap",""
650,"Saregama India Limited","SAREGAMA","496.9","-0.31%","1,97,993","media","entertainment / electronic media software","midcap",""
651,"Kewal Kiran Clothing Limited","KKCL","467.85","-0.31%","67,003","readymade garments/apparels","textiles - products","smallcap",""
652,"Gujarat Industries Power Company Limited","GIPCL","185.84","-0.31%","2,19,387","power & utilities","power generation and supply","smallcap",""
653,"Apeejay Surrendra Park Hotels Ltd","PARKHOTELS","104.9","-0.31%","2,59,036","services","hotels","smallcap",""
654,"SBFC Finance Ltd","SBFC","88.86","-0.31%","7,79,068","financials","finance & investments","midcap",""
655,"Pidilite Industries Limited","PIDILITIND","1,517.2","-0.32%","5,03,315","chemicals","chemicals","largecap",""
656,"Alivus Life Sciences Ltd","ALIVUS","1,365.6","-0.32%","37,558","healthcare","pharmaceuticals - indian - bulk drugs & formln","midcap",""
657,"Natco Pharma Limited","NATCOPHARM","839.3","-0.32%","3,69,981","healthcare","pharmaceuticals - indian - bulk drugs & formln","midcap",""
658,"Icici Prudential Life Insurance Company Limited","ICICIPRULI","463","-0.32%","11,21,971","financials","finance & investments","largecap",""
659,"Emami Limited","EMAMILTD","389.25","-0.32%","20,20,121","fmcg","personal care - indian","midcap",""
660,"Nhpc Limited","NHPC","76","-0.33%","64,81,994","power & utilities","power generation and supply","largecap",""
661,"Acutaas Chemicals Ltd","ACUTAAS","3,272.5","-0.34%","1,53,473","healthcare","pharmaceuticals - indian - bulk drugs","largecap",""
662,"Dhanuka Agritech Limited","DHANUKA","964.35","-0.34%","6,793","chemicals","pesticides / agrochemicals - indian","smallcap",""
663,"Healthcare Global Enterprises Limited","HCG","698.65","-0.34%","62,254","healthcare","healthcare","midcap",""
664,"Star Cement Ltd","STARCEMENT","186.61","-0.34%","50,622","building materials","cement - north india","midcap",""
665,"Happiest Minds Technologies Ltd","HAPPSTMNDS","310.5","-0.35%","4,13,053","i.t","computers - software - medium / small","smallcap",""
666,"Ghcl Limited","GHCL","419.8","-0.36%","80,239","chemicals","chemicals","smallcap",""
667,"Uniparts India Ltd","UNIPARTS","847.2","-0.37%","85,608","industrials","engineering","smallcap",""
668,"Sunteck Realty Limited","SUNTECK","283","-0.37%","79,920","realty","construction","smallcap",""
669,"Sigma Advanced System Ltd","SIGMAADV","946","-0.38%","1,97,475","aerospace & defence","electronics - components","midcap",""
670,"Cello World Ltd","CELLO","338.5","-0.38%","2,68,152","consumer discretionary","trading","midcap",""
671,"Indo Tech Transformers Limited","INDOTECH","3,177.7","-0.39%","25,681","industrials","electric equipment","smallcap",""
672,"Beml Limited","BEML","2,036.5","-0.39%","1,16,211","aerospace & defence","engineering","midcap",""
673,"Jk Tyre & Industries Limited","JKTYRE","345.85","-0.39%","7,44,180","auto","tyres","midcap",""
674,"Adf Foods Limited","ADFFOODS","270.6","-0.39%","51,882","fmcg","food - processing - indian","smallcap",""
675,"Sterling & Wilson Renewable Energy Ltd","SWSOLAR","176.65","-0.39%","5,32,217","realty","engineering - turnkey services","smallcap",""
676,"Power Finance Corporation Limited","PFC","338","-0.4%","86,23,661","financials","finance - term-lending institutions","largecap",""
677,"Gandhar Oil Refinery (India) Ltd","GANDHAR","261.65","-0.4%","3,00,287","energy","refineries","smallcap",""
678,"Schaeffler India Ltd","SCHAEFFLER","4,007.7","-0.41%","20,334","industrials","bearings","largecap",""
679,"Lupin Limited","LUPIN","2,092","-0.41%","4,31,672","healthcare","pharmaceuticals - indian - bulk drugs & formln","largecap",""
680,"Grindwell Norton Limited","GRINDWELL","1,972.7","-0.42%","9,040","industrials","abrasives and grinding wheels","largecap",""
681,"Banco Products (i) Limited","BANCOINDIA","599.85","-0.42%","44,855","auto","auto ancillaries","midcap",""
682,"Dr Agarwals Health Care Ltd","AGARWALEYE","500","-0.42%","2,42,336","healthcare","healthcare","midcap",""
683,"Indian Oil Corporation Limited","IOC","135.7","-0.42%","77,69,991","energy","refineries","largecap",""
684,"Kernex Microsystems (india) Limited","KERNEX","1,693.5","-0.43%","93,740","consumer discretionary","electronics - components","smallcap",""
685,"Amara Raja Energy & Mobility Ltd","ARE&M","791.95","-0.43%","3,36,412","auto","auto ancillaries","midcap",""
686,"Kiri Industries Limited","KIRIINDUS","557.5","-0.43%","6,31,430","chemicals","dyes and pigments","smallcap",""
687,"Syngene International Limited","SYNGENE","378.7","-0.43%","1,77,820","healthcare","miscellaneous","midcap",""
688,"Vedanta Limited","VEDL","266.35","-0.43%","37,68,892","metals & mining","mining / minerals / metals","largecap",""
689,"Utkarsh Small Finance Bank Ltd","UTKARSHBNK","13.8","-0.43%","39,93,057","bank","banks - private sector","smallcap",""
690,"Bajaj Consumer Care Ltd","BAJAJCON","499.5","-0.44%","3,05,752","fmcg","personal care - indian","midcap",""
691,"Punjab National Bank Ltd","PNB","116.6","-0.44%","80,69,096","bank","banks - public sector","largecap",""
692,"Gna Axles Limited","GNA","617.65","-0.45%","6,23,477","auto","auto ancillaries","smallcap",""
693,"Mishra Dhatu Nigam Ltd","MIDHANI","405.05","-0.45%","3,68,821","aerospace & defence","steel - medium / small","midcap",""
694,"Ncc Limited","NCC","132.82","-0.45%","21,18,247","realty","construction","midcap",""
695,"Dr. Lal Path Labs Ltd.","LALPATHLAB","1,952.3","-0.46%","4,52,137","healthcare","healthcare","largecap",""
696,"Computer Age Management Services Ltd","CAMS","707.35","-0.46%","7,63,343","financials","miscellaneous","midcap",""
697,"Mold-tek Packaging Limited","MOLDTKPAC","669.85","-0.46%","25,483","industrials","packaging","smallcap",""
698,"Campus Activewear Ltd","CAMPUS","209.99","-0.46%","3,47,831","consumer discretionary","leather / leather products","midcap",""
699,"Tasty Bite Eatables Ltd","TASTYBITE","9,856","-0.47%","1,290","fmcg","food - processing - indian","smallcap",""
700,"Globus Spirits Limited","GLOBUSSPR","832.55","-0.47%","35,079","fmcg","breweries & distilleries","smallcap",""
701,"Gokaldas Exports Limited","GOKEX","689.6","-0.47%","1,58,193","readymade garments/apparels","textiles - products","midcap",""
702,"Windsor Machines Limited","WINDMACHIN","299.5","-0.47%","25,613","industrials","engineering","smallcap",""
703,"Glaxosmithkline Pharmaceuticals Limited","GLAXO","2,815.7","-0.48%","15,380","healthcare","pharmaceuticals - multinational","largecap",""
704,"Stove Kraft Ltd","STOVEKRAFT","814.4","-0.48%","53,691","consumer discretionary","domestic appliances","smallcap",""
705,"Mayur Uniquoters Ltd","MAYURUNIQ","729.6","-0.48%","1,22,295","consumer discretionary","leather / leather products","smallcap",""
706,"FSN E-Commerce Ventures Ltd","NYKAA","333.7","-0.48%","35,37,870","i.t","trading","largecap",""
707,"Sri Lotus Developers & Realty Ltd","LOTUSDEV","217.99","-0.48%","7,23,532","realty","construction","midcap",""
708,"Thomas Cook  (india)  Limited","THOMASCOOK","103.47","-0.48%","2,09,188","miscellaneous","travel agencies","smallcap",""
709,"Paisalo Digital Ltd","PAISALO","89.02","-0.48%","77,21,853","financials","finance & investments","midcap",""
710,"Reliance Power Limited","RPOWER","20.57","-0.48%","1,46,06,424","power & utilities","power generation and supply","midcap",""
711,"Jsw Holdings Limited","JSWHL","11,062","-0.49%","1,415","financials","finance & investments","midcap",""
712,"Blue Jet Healthcare Ltd","BLUEJET","570.65","-0.49%","2,49,831","healthcare","pharmaceuticals - indian - bulk drugs & formln","midcap",""
713,"Aadhar Housing Finance Ltd","AADHARHFC","444.5","-0.49%","4,40,466","financials","finance - housing","midcap",""
714,"JNK India Ltd","JNKINDIA","420.4","-0.49%","95,931","realty","engineering - turnkey services","smallcap",""
715,"Afcons Infrastructure Ltd","AFCONS","252.5","-0.49%","4,34,570","realty","construction","midcap",""
716,"Bayer Cropscience Limited","BAYERCROP","3,717.6","-0.5%","17,650","chemicals","pesticides / agrochemicals - multinational","midcap",""
717,"Hind Rectifiers Limited","HIRECT","1,212.9","-0.5%","24,429","consumer discretionary","electronics - components","smallcap",""
718,"Hindalco Industries Limited","HINDALCO","977","-0.51%","24,69,481","metals & mining","aluminium and aluminium products","largecap",""
719,"L T Foods Ltd","LTFOODS","422.35","-0.51%","2,48,790","fmcg","food - processing - indian","midcap",""
720,"Ptc India Limited","PTC","155.09","-0.51%","9,97,223","power & utilities","trading","smallcap",""
721,"Uno Minda Ltd","UNOMINDA","1,218","-0.52%","2,72,547","auto","auto ancillaries","largecap",""
722,"The Ramco Cements Limited","RAMCOCEM","867.55","-0.52%","3,01,245","building materials","cement - south india","largecap",""
723,"Rossari Biotech Ltd","ROSSARI","444.2","-0.52%","20,447","chemicals","chemicals","smallcap",""
724,"General Insurance Corporation of India Ltd","GICRE","337.5","-0.52%","2,62,473","financials","finance & investments","largecap",""
725,"Bhansali Engineering Polymers Limited","BEPL","126.43","-0.52%","8,72,863","energy","petrochemicals","smallcap",""
726,"Navneet Education Limited","NAVNETEDUL","122.76","-0.52%","70,780","miscellaneous","printing & stationery","smallcap",""
727,"Manorama Industries Ltd","MANORAMA","1,872.8","-0.53%","1,17,509","fmcg","food - processing - indian","midcap",""
728,"Unichem Laboratories Limited","UNICHEMLAB","549.7","-0.53%","50,490","healthcare","pharmaceuticals - indian - bulk drugs & formln","smallcap",""
729,"Lemon Tree Hotels Ltd","LEMONTREE","106.15","-0.53%","18,51,366","services","hotels","midcap",""
730,"Indian Railway Catering & Tourism Corporation Ltd","IRCTC","458.7","-0.54%","3,62,569","transportation","travel agencies","largecap",""
731,"Railtel Corporation of India Ltd","RAILTEL","260.15","-0.54%","3,92,954","transportation","telecommunications - service provider","midcap",""
732,"Indraprastha Gas Limited","IGL","144.95","-0.54%","9,75,286","energy","miscellaneous","largecap",""
733,"Advanced Enzyme Technologies Limited","ADVENZYMES","291.15","-0.55%","1,85,804","healthcare","pharmaceuticals - indian - bulk drugs & formln","smallcap",""
734,"Aegis Vopak Terminals Ltd","AEGISVOPAK","287.5","-0.55%","6,73,754","transportation","miscellaneous","largecap",""
735,"Crompton Greaves Consumer Electricals Limited","CROMPTON","218.6","-0.55%","13,74,776","consumer discretionary","electric equipment","midcap",""
736,"Puravankara Projects Limited","PURVA","213.87","-0.55%","78,727","realty","construction","midcap",""
737,"Cummins India Limited","CUMMINSIND","4,945","-0.56%","3,37,303","industrials","engines","largecap",""
738,"Asahi India Glass Limited","ASAHIINDIA","959.95","-0.56%","75,822","building materials","glass & glass products","largecap",""
739,"PDS Ltd","PDSL","357.65","-0.56%","61,436","textiles","trading","midcap",""
740,"Lg Balakrishnan & Bros Limited","LGBBROSLTD","1,735.3","-0.57%","16,354","auto","bearings","midcap",""
741,"Sharda Motor Industries Limited","SHARDAMOTR","956.35","-0.57%","45,449","auto","auto ancillaries","midcap",""
742,"Apcotex Industries Limited","APCOTEXIND","599.4","-0.57%","86,241","chemicals","miscellaneous","smallcap",""
743,"Jeena Sikho Lifecare Ltd","JSLL","508.25","-0.57%","1,62,157","healthcare","trading","midcap",""
744,"Panacea Biotec Limited","PANACEABIO","372.6","-0.57%","74,313","healthcare","pharmaceuticals - indian - bulk drugs & formln","smallcap",""
745,"Ramco Industries Limited","RAMCOIND","319.95","-0.57%","65,040","building materials","cement products","smallcap",""
746,"Bharti Airtel Limited","BHARTIARTL","1,785.4","-0.58%","47,66,200","telecom-service","telecommunications - service provider","largecap",""
747,"Icici Bank Limited","ICICIBANK","1,326.8","-0.58%","1,08,41,310","bank","banks - private sector","largecap",""
748,"Pricol Ltd.","PRICOLLTD","759.4","-0.58%","1,43,267","auto","auto ancillaries","midcap",""
749,"Jupiter Wagons Ltd","JWL","226.73","-0.59%","6,76,385","industrials","engineering","midcap",""
750,"Kalpataru Projects International Ltd","KPIL","1,391.2","-0.6%","1,28,530","realty","transmisson line towers / equipment","largecap",""
751,"Raymond Limited","RAYMOND","1,196.65","-0.6%","31,00,301","transportation","transport - airlines","midcap",""
752,"Dodla Dairy Ltd","DODLA","1,039.4","-0.6%","14,762","fmcg","food - processing - indian","midcap",""
753,"Bansal Wire Industries Ltd","BANSALWIRE","321.4","-0.6%","55,601","metals & mining","steel - medium / small","midcap",""
754,"63 Moons Technologies Ltd","63MOONS","857.65","-0.61%","1,80,556","i.t","computers - software - medium / small","smallcap",""
755,"Gopal Snacks Ltd","GOPAL","260.95","-0.61%","1,03,108","fmcg","food - processing - indian","smallcap",""
756,"Alembic Limited","ALEMBICLTD","106.53","-0.61%","7,43,150","realty","construction","smallcap",""
757,"Ircon International Ltd","IRCON","105.95","-0.61%","20,92,105","realty","construction","midcap",""
758,"Nalwa Sons Investments Limited","NSIL","5,468","-0.62%","1,308","financials","finance & investments","smallcap",""
759,"DDev Plastiks Industries Ltd","DDEVPLSTIK","256.15","-0.62%","81,482","chemicals","chemicals","smallcap",""
760,"Mphasis Limited","MPHASIS","2,234","-0.63%","1,97,680","i.t","computers - software - large","largecap",""
761,"Pix Transmission Ltd","PIXTRANS","1,734.8","-0.63%","5,689","fmcg","miscellaneous","smallcap",""
762,"Rane Holdings Limited","RANEHOLDIN","1,580.6","-0.63%","3,105","financials","finance & investments","smallcap",""
763,"AvenuesAI Ltd","CCAVENUE","15.89","-0.63%","61,33,145","i.t","miscellaneous","midcap",""
764,"Affle India Ltd","AFFLE","1,578","-0.64%","1,13,281","i.t","computers - software - medium / small","largecap",""
765,"Gillette India Limited","GILLETTE","7,072","-0.65%","22,019","fmcg","personal care - multinational","largecap",""
766,"Sanofi Consumer Healthcare India Ltd","SANOFICONR","3,945.3","-0.65%","3,342","healthcare","pharmaceuticals - multinational","midcap",""
767,"Endurance Technologies Limited","ENDURANCE","2,645.9","-0.65%","1,08,756","auto","auto ancillaries","largecap",""
768,"K.p.r. Mill Limited","KPRMILL","1,106.4","-0.66%","79,073","readymade garments/apparels","textiles - products","largecap",""
769,"Jk Paper Limited","JKPAPER","408.45","-0.66%","1,91,915","building materials","paper","midcap",""
770,"BLS E-Services Ltd","BLSE","324.55","-0.66%","2,42,706","i.t","computers - software - medium / small","smallcap",""
771,"Gail (india) Limited","GAIL","172.7","-0.66%","54,54,851","energy","miscellaneous","largecap",""
772,"The Jammu & Kashmir Bank Limited","J&KBANK","146.1","-0.66%","12,14,432","bank","banks - private sector","midcap",""
773,"Hmt Limited","HMT","61.31","-0.66%","4,216","consumer discretionary","miscellaneous","midcap",""
774,"UTI Asset Management Company Ltd","UTIAMC","901.85","-0.67%","52,484","financials","finance & investments","midcap",""
775,"Marico Limited","MARICO","819","-0.67%","4,59,905","fmcg","solvent extraction","largecap",""
776,"Vrl Logistics Limited","VRLLOG","289.7","-0.67%","1,18,757","transportation","miscellaneous","midcap",""
777,"Viyash Scientific Ltd","VIYASH","244.35","-0.67%","13,25,870","healthcare","pharmaceuticals - indian - bulk drugs & formln","midcap",""
778,"Latent View Analytics Ltd","LATENTVIEW","243.75","-0.67%","3,82,848","i.t","computers - software - medium / small","midcap",""
779,"Fedbank Financial Services Ltd","FEDFINA","151.68","-0.67%","9,56,913","financials","finance & investments","midcap",""
780,"Venky's (india) Limited","VENKEYS","1,652.8","-0.68%","19,252","fmcg","miscellaneous","smallcap",""
781,"Zota Health Care Ltd","ZOTA","1,336.6","-0.68%","30,110","healthcare","pharmaceuticals - indian - bulk drugs & formln","smallcap",""
782,"Jsw Energy Limited","JSWENERGY","506.55","-0.68%","19,16,836","power & utilities","power generation and supply","largecap",""
783,"Exide Industries Limited","EXIDEIND","423.65","-0.68%","18,64,971","auto","auto ancillaries","largecap",""
784,"Jyoti CNC Automation Ltd","JYOTICNC","1,065.1","-0.69%","7,93,087","industrials","engineering","largecap",""
785,"Northern ARC Capital Ltd","NORTHARC","300.9","-0.69%","5,08,385","financials","finance & investments","smallcap",""
786,"Sagility India Ltd","SAGILITY","44.69","-0.69%","96,23,863","i.t","computers - software - medium / small","largecap",""
787,"Vesuvius India Limited","VESUVIUS","389.1","-0.7%","51,904","building materials","refractories / intermediates","midcap",""
788,"Ramkrishna Forgings Limited","RKFORGE","704.5","-0.71%","2,85,768","castings, forgings & fasteners","castings & forgings","midcap",""
789,"Global Health Ltd","MEDANTA","1,495.4","-0.72%","1,58,143","healthcare","healthcare","largecap",""
790,"360 ONE WAM Ltd","360ONE","1,073","-0.72%","7,38,050","financials","finance & investments","largecap",""
791,"Canara Bank Ltd","CANBK","124.99","-0.72%","83,41,932","bank","banks - public sector","largecap",""
792,"Centum Electronics Limited","CENTUM","4,802.3","-0.73%","73,380","aerospace & defence","electronics - components","midcap",""
793,"SBI Life Insurance Company Ltd","SBILIFE","1,742","-0.74%","10,18,504","financials","finance & investments","largecap",""
794,"Five-Star Business Finance Ltd","FIVESTAR","520.95","-0.74%","9,30,721","financials","finance & investments","midcap",""
795,"Sumitomo Chemical India Ltd","SUMICHEM","446.35","-0.74%","1,05,623","chemicals","pesticides / agrochemicals - indian","largecap",""
796,"Eih Limited","EIHOTEL","294.7","-0.74%","1,20,396","services","hotels","midcap",""
797,"Gabriel India Limited","GABRIEL","1,386.7","-0.76%","1,41,245","auto","auto ancillaries","largecap",""
798,"Schneider Electric Infrastructure Limited","SCHNEIDER","1,209.5","-0.76%","1,69,734","industrials","electric equipment","largecap",""
799,"R Systems International Limited","RSYSTEMS","235.62","-0.76%","1,28,718","i.t","computers - software - medium / small","smallcap",""
800,"Gujarat Fluorochemicals Ltd","FLUOROCHEM","4,441.4","-0.77%","37,518","chemicals","chemicals","largecap",""
801,"Mahanagar Gas Limited","MGL","1,071.3","-0.77%","1,04,630","energy","miscellaneous","midcap",""
802,"Sjvn Limited","SJVN","61.76","-0.77%","19,07,772","power & utilities","power generation and supply","largecap",""
803,"Procter & Gamble Hygiene And Health Care Limited","PGHH","7,037.5","-0.78%","15,709","fmcg","personal care - multinational","largecap",""
804,"Monarch Networth Capital Ltd","MONARCH","362.75","-0.78%","27,569","financials","finance & investments","smallcap",""
805,"The Karnataka Bank Limited","KTKBANK","335.5","-0.78%","6,80,592","bank","banks - private sector","midcap",""
806,"Bajaj Electricals Limited","BAJAJELEC","318.95","-0.78%","1,07,647","consumer discretionary","domestic appliances","smallcap",""
807,"Alkyl Amines Chemicals Limited","ALKYLAMINE","1,847.7","-0.79%","15,775","chemicals","chemicals","midcap",""
808,"Indusind Bank Limited","INDUSINDBK","912.2","-0.79%","14,26,025","bank","banks - private sector","largecap",""
809,"Vishnu Chemicals Limited","VISHNU","697.65","-0.8%","66,047","chemicals","chemicals","smallcap",""
810,"Oil India Limited","OIL","475.15","-0.8%","6,66,997","energy","oil drilling / allied services","largecap",""
811,"Shipping Corporation Of India Limited","SCI","274.4","-0.8%","8,40,491","transportation","shipping","midcap",""
812,"Jindal Poly Films Limited","JINDALPOLY","694.1","-0.81%","13,867","textiles","textiles - products","smallcap",""
813,"EFC (I) Ltd","EFCIL","179.74","-0.81%","62,842","realty","construction","smallcap",""
814,"Xpro India Limited","XPROINDIA","1,197.1","-0.82%","45,394","industrials","packaging","smallcap",""
815,"West Coast Paper Mills Limited","WSTCSTPAPR","731.9","-0.82%","1,79,172","building materials","paper","smallcap",""
816,"Kitex Garments Limited","KITEX","117.68","-0.82%","5,51,363","readymade garments/apparels","textiles - products","smallcap",""
817,"Jai Balaji Industries Limited","JAIBALAJI","64.96","-0.82%","2,26,361","metals & mining","steel - large","midcap",""
818,"Network18 Media & Investments Limited","NETWORK18","26.75","-0.82%","28,97,376","media","entertainment / electronic media software","smallcap",""
819,"Nuvama Wealth Management Ltd","NUVAMA","1,681.4","-0.83%","6,74,021","financials","finance & investments","largecap",""
820,"Kirloskar Pneumatic Company Ltd","KIRLPNU","691.95","-0.83%","72,155","industrials","compressors / drilling equipment","smallcap",""
821,"Gujarat Mineral Development Corporation Limited","GMDCLTD","538","-0.83%","6,94,551","metals & mining","mining / minerals / metals","midcap",""
822,"Ashapura Minechem Limited","ASHAPURMIN","506.5","-0.83%","1,68,617","metals & mining","mining / minerals / metals","smallcap",""
823,"Usha Martin Limited","USHAMART","518.8","-0.84%","4,04,445","metals & mining","steel - medium / small","midcap",""
824,"ACME Solar Holdings Ltd","ACMESOLAR","442.9","-0.84%","30,82,821","realty","engineering - turnkey services","largecap",""
825,"Delhivery Ltd","DELHIVERY","422.7","-0.84%","33,34,319","transportation","miscellaneous","largecap",""
826,"Vijaya Diagnostic Centre Ltd","VIJAYA","1,513.6","-0.85%","58,184","healthcare","healthcare","midcap",""
827,"Indian Metals & Ferro Alloys Limited","IMFA","1,230.4","-0.85%","59,887","metals & mining","mining / minerals / metals","midcap",""
828,"RPSG Ventures Ltd","RPSGVENT","837.3","-0.85%","25,180","i.t","computers - software - medium / small","smallcap",""
829,"Aia Engineering Limited","AIAENG","3,919.4","-0.86%","19,038","castings, forgings & fasteners","castings & forgings","largecap",""
830,"Deepak Nitrite Limited","DEEPAKNTR","1,587.1","-0.86%","69,925","chemicals","chemicals","largecap",""
831,"Apollo Micro Systems Ltd","APOLLO","395.6","-0.86%","39,29,756","aerospace & defence","electronics - components","midcap",""
832,"Linde India Limited","LINDEINDIA","6,142.5","-0.87%","9,751","chemicals","chemicals","largecap",""
833,"Narayana Hrudayalaya Ltd.","NH","1,861.4","-0.87%","88,949","healthcare","healthcare","largecap",""
834,"Texmaco Rail & Engineering Limited","TEXRAIL","125.67","-0.87%","34,85,269","industrials","engineering","midcap",""
835,"NMDC Steel Ltd","NSLNISP","42.17","-0.87%","29,05,193","metals & mining","steel - large","midcap",""
836,"Knowledge Marine & Engineering Works Ltd","KMEW","2,865.1","-0.88%","31,064","transportation","miscellaneous","midcap",""
837,"India Tourism Development Corporation Ltd","ITDC","679.7","-0.88%","76,097","services","hotels","midcap",""
838,"Intellect Design Arena Limited","INTELLECT","633.05","-0.88%","2,18,132","i.t","computers - software - medium / small","midcap",""
839,"Redtape Ltd","REDTAPE","121.05","-0.88%","5,07,124","consumer discretionary","trading","midcap",""
840,"Cemindia Projects Ltd","CEMPRO","1,257.2","-0.89%","1,11,230","realty","construction","largecap",""
841,"eMudhra Ltd","EMUDHRA","653.45","-0.9%","4,09,910","i.t","computers - software - medium / small","midcap",""
842,"Goodluck India Limited","GOODLUCK","525.65","-0.9%","2,39,704","metals & mining","steel - medium / small","midcap",""
843,"Sanstar Ltd","SANSTAR","108.42","-0.9%","55,139","fmcg","miscellaneous","smallcap",""
844,"Power Mech Projects Limited","POWERMECH","2,407.3","-0.91%","20,848","realty","engineering - turnkey services","midcap",""
845,"Cosmo First Ltd","COSMOFIRST","849.4","-0.92%","32,823","industrials","packaging","smallcap",""
846,"Angel One Ltd","ANGELONE","288","-0.93%","28,92,227","financials","finance & investments","largecap",""
847,"Sapphire Foods India Ltd","SAPPHIRE","223.61","-0.93%","3,66,017","consumer discretionary","hotels","midcap",""
848,"Jyothy Laboratories Limited","JYOTHYLAB","191.07","-0.93%","3,24,174","fmcg","personal care - indian","midcap",""
849,"Pnc Infratech Limited","PNCINFRA","135.45","-0.93%","14,45,306","realty","construction","smallcap",""
850,"Laurus Labs Limited","LAURUSLABS","2,007","-0.95%","14,42,142","healthcare","pharmaceuticals - indian - bulk drugs & formln","largecap",""
851,"Aditya Birla Sun Life AMC Ltd","ABSLAMC","1,014.5","-0.95%","1,12,917","financials","finance & investments","largecap",""
852,"Hindustan Foods Ltd","HNDFDS","612.35","-0.95%","24,358","fmcg","diversified - large","midcap",""
853,"Elgi Equipments Limited","ELGIEQUIP","603","-0.95%","2,13,480","industrials","compressors / drilling equipment","midcap",""
854,"J.kumar Infraprojects Limited","JKIL","473.55","-0.95%","61,355","realty","construction","smallcap",""
855,"V.s.t Tillers Tractors Limited","VSTTILLERS","4,473.3","-0.96%","14,779","auto","automobiles - tractors","smallcap",""
856,"Blue Dart Express Limited","BLUEDART","4,746.5","-0.97%","7,306","transportation","couriers","midcap",""
857,"Wockhardt Limited","WOCKPHARMA","2,265.6","-0.97%","6,89,934","healthcare","pharmaceuticals - indian - bulk drugs & formln","largecap",""
858,"Epigral Ltd","EPIGRAL","1,060.6","-0.97%","33,156","chemicals","chemicals","smallcap",""
859,"Swiggy Ltd","SWIGGY","264.85","-0.97%","95,96,392","i.t","miscellaneous","largecap",""
860,"Juniper Hotels Ltd","JUNIPER","216.29","-0.97%","75,553","services","hotels","smallcap",""
861,"Alkem Laboratories Limited","ALKEM","5,274","-0.98%","28,742","healthcare","pharmaceuticals - indian - bulk drugs & formln","largecap",""
862,"Technocraft Industries (india) Limited","TIIL","3,003.4","-0.98%","27,627","metals & mining","steel - medium / small","midcap",""
863,"Kalyani Steels Limited","KSL","964.7","-0.98%","94,739","metals & mining","steel - medium / small","smallcap",""
864,"Transformers & Rectifiers India Ltd","TARIL","277.65","-0.98%","7,03,274","industrials","electric equipment","midcap",""
865,"Pc Jeweller Limited","PCJEWELLER","14.11","-0.98%","30,93,43,445","consumer discretionary","diamond cutting / jewellery","midcap",""
866,"Hubtown Limited","HUBTOWN","171.67","-0.99%","1,50,592","realty","construction","smallcap",""
867,"Mankind Pharma Ltd","MANKIND","2,474.9","-1%","3,33,769","healthcare","pharmaceuticals - indian - bulk drugs & formln","largecap",""
868,"Tilaknagar Industries Limited","TI","581.7","-1%","13,72,795","fmcg","breweries & distilleries","midcap",""
869,"Nava Ltd","NAVA","551.45","-1%","4,50,107","miscellaneous","diversified - large","midcap",""
870,"Borosil Renewables Ltd","BORORENEW","455.15","-1%","2,89,701","building materials","glass & glass products","midcap",""
871,"Muthoot Microfin Ltd","MUTHOOTMF","181.56","-1%","3,09,028","financials","finance & investments","smallcap",""
872,"Clean Science & Technology Ltd","CLEAN","807.25","-1.01%","1,61,379","chemicals","chemicals","midcap",""
873,"Styrenix Performance Materials Ltd","STYRENIX","2,067","-1.02%","23,553","energy","petrochemicals","smallcap",""
874,"Happy Forgings Ltd","HAPPYFORGE","2,063.5","-1.02%","37,247","castings, forgings & fasteners","castings & forgings","midcap",""
875,"Sundaram Clayton Ltd","SUNCLAY","1,236.7","-1.02%","7,772","castings, forgings & fasteners","castings & forgings","smallcap",""
876,"Polyplex Corporation Limited","POLYPLEX","1,086.2","-1.02%","25,252","industrials","packaging","smallcap",""
877,"KFin Technologies Ltd","KFINTECH","888.8","-1.02%","4,36,454","financials","miscellaneous","midcap",""
878,"Kirloskar Industries Limited","KIRLOSIND","3,597.5","-1.03%","5,403","financials","finance & investments","smallcap",""
879,"Va Tech Wabag Limited","WABAG","2,008.4","-1.03%","2,72,100","realty","engineering - turnkey services","midcap",""
880,"Seamec Limited","SEAMECLTD","1,712.2","-1.03%","31,625","miscellaneous","miscellaneous","smallcap",""
881,"Tata Investment Corporation Limited","TATAINVEST","651.6","-1.03%","2,68,798","financials","finance & investments","largecap",""
882,"Container Corporation Of India Limited","CONCOR","461.5","-1.03%","7,04,143","transportation","miscellaneous","largecap",""
883,"Firstsource Solutions Limited","FSL","259.45","-1.03%","4,17,268","i.t","computers - software - medium / small","midcap",""
884,"Prime Focus Limited","PFOCUS","315.45","-1.04%","42,24,123","realty","miscellaneous","largecap",""
885,"Vst Industries Limited","VSTIND","204.54","-1.04%","89,396","fmcg","cigarettes","smallcap",""
886,"Share India Securities Ltd","SHAREINDIA","209.62","-1.05%","10,80,901","financials","finance & investments","smallcap",""
887,"Orient Electric Ltd","ORIENTELEC","162.26","-1.05%","1,23,313","consumer discretionary","domestic appliances","smallcap",""
888,"Atul Limited","ATUL","6,070.5","-1.06%","15,678","chemicals","chemicals","midcap",""
889,"Abb India Limited","ABB","7,052.5","-1.07%","80,574","industrials","electric equipment","largecap",""
890,"Garden Reach Shipbuilders & Engineers Ltd","GRSE","2,319","-1.07%","2,52,777","aerospace & defence","miscellaneous","largecap",""
891,"Anant Raj Limited","ANANTRAJ","617.4","-1.07%","11,98,697","realty","construction","largecap",""
892,"Garware Technical Fibres Ltd","GARFIBRES","773.5","-1.08%","23,488","textiles","textiles - products","midcap",""
893,"Jbm Auto Limited","JBMA","586.6","-1.09%","1,80,569","auto","auto ancillaries","midcap",""
894,"Jayaswal Neco Industries Limited","JAYNECOIND","88.55","-1.09%","12,34,021","metals & mining","steel - large","midcap",""
895,"Innova Captab Ltd","INNOVACAP","1,281","-1.1%","34,476","healthcare","pharmaceuticals - indian - bulk drugs & formln","midcap",""
896,"Shakti Pumps (india) Limited","SHAKTIPUMP","466.9","-1.11%","2,05,670","industrials","pumps","midcap",""
897,"Pfizer Limited","PFIZER","4,000.8","-1.12%","15,786","healthcare","pharmaceuticals - multinational","midcap",""
898,"Shyam Metalics & Energy Ltd","SHYAMMETL","1,085.6","-1.12%","5,91,086","metals & mining","steel - large","largecap",""
899,"Poonawalla Fincorp Ltd","POONAWALLA","461.55","-1.12%","14,77,854","financials","finance & investments","largecap",""
900,"Irb Infrastructure Developers Limited","IRB","17.68","-1.12%","82,19,678","realty","construction","largecap",""
901,"Caplin Point Laboratories Limited","CAPLIPOINT","2,835.1","-1.13%","1,81,149","healthcare","pharmaceuticals - indian - formulations","largecap",""
902,"Cholamandalam Investment And Finance Company Limited","CHOLAFIN","1,662.7","-1.13%","28,78,656","financials","finance & investments","largecap",""
903,"GNG Electronics Ltd","EBGNG","669","-1.13%","4,33,643","services","trading","midcap",""
904,"Eureka Forbes Ltd","EUREKAFORB","370.85","-1.13%","2,20,304","consumer discretionary","domestic appliances","midcap",""
905,"Websol Energy System Limited","WEBELSOLAR","73.23","-1.13%","12,67,143","industrials","electric equipment","smallcap",""
906,"Trent Limited","TRENT","2,669.3","-1.14%","10,54,993","consumer discretionary","trading","largecap",""
907,"Rossell Techsys Ltd","ROSSTECH","1,402.7","-1.14%","1,32,626","aerospace & defence","engineering","midcap",""
908,"Sanathan Textiles Ltd","SANATHAN","523.2","-1.14%","1,89,507","textiles","textiles - cotton/blended","smallcap",""
909,"Nmdc Limited","NMDC","79.9","-1.14%","1,10,80,041","metals & mining","mining / minerals / metals","largecap",""
910,"Safari Industries (India) Ltd","SAFARI","1,464.2","-1.15%","44,195","plastic products","moulded luggage","midcap",""
911,"Indo Count Industries Limited","ICIL","445.75","-1.15%","2,97,727","textiles","textiles - cotton/blended","midcap",""
912,"Tube Investments of India Ltd","TIINDIA","2,511.1","-1.16%","78,988","industrials","steel - large","largecap",""
913,"Action Construction Equipment Limited","ACE","1,226.6","-1.16%","1,84,368","industrials","engineering","midcap",""
914,"SBI Cards & Payment Services Ltd","SBICARD","611.2","-1.16%","13,10,548","financials","finance & investments","largecap",""
915,"Dredging Corporation Of India Limited","DREDGECORP","984.8","-1.17%","91,938","miscellaneous","miscellaneous","smallcap",""
916,"Greenlam Industries Limited","GREENLAM","224.32","-1.18%","82,357","building materials","miscellaneous","midcap",""
917,"Motherson Sumi Wiring India Ltd","MSUMI","34.29","-1.18%","1,11,96,717","auto","auto ancillaries","largecap",""
918,"Aster DM Healthcare Ltd","ASTERDM","759.4","-1.2%","12,51,211","healthcare","healthcare","largecap",""
919,"Rites Ltd","RITES","199.31","-1.2%","3,42,582","miscellaneous","miscellaneous","midcap",""
920,"Sheela Foam Limited","SFL","634.6","-1.21%","1,05,699","consumer discretionary","miscellaneous","midcap",""
921,"Dalmia Bharat Limited","DALBHARAT","1,700.2","-1.22%","2,54,282","building materials","cement - south india","largecap",""
922,"Doms Industries Ltd","DOMS","2,083","-1.23%","13,623","miscellaneous","printing & stationery","midcap",""
923,"Eris Lifesciences Ltd","ERIS","1,258.9","-1.23%","30,256","healthcare","pharmaceuticals - indian - formulations","midcap",""
924,"CreditAccess Grameen Ltd","CREDITACC","1,298.8","-1.24%","1,09,014","financials","finance & investments","largecap",""
925,"Eveready Industries India Limited","EVEREADY","322","-1.24%","48,301","industrials","dry cells","smallcap",""
926,"Biocon Limited","BIOCON","382.15","-1.25%","26,94,397","healthcare","pharmaceuticals - indian - bulk drugs & formln","largecap",""
927,"Kirloskar Oil Engines Limited","KIRLOSENG","2,137.2","-1.26%","1,66,543","industrials","engines","largecap",""
928,"Sarda Energy & Minerals Limited","SARDAEN","493.15","-1.26%","2,50,490","metals & mining","steel - medium / small","midcap",""
929,"Embassy Development Limited","EMBDL","58.07","-1.26%","25,95,396","realty","construction","midcap",""
930,"Finolex Cables Limited","FINCABLES","1,460.9","-1.29%","5,01,380","industrials","cables - power","largecap",""
931,"ITC Hotels Ltd","ITCHOTELS","161.9","-1.29%","12,53,849","services","hotels","largecap",""
932,"Astrazeneca Pharma India Limited","ASTRAZEN","6,505","-1.3%","6,164","healthcare","pharmaceuticals - multinational","midcap",""
933,"Bharat Dynamics Ltd","BDL","1,140","-1.3%","9,36,577","aerospace & defence","engineering","largecap",""
934,"Tamilnad Mercantile Bank Ltd","TMB","881.9","-1.3%","1,18,477","bank","banks - private sector","midcap",""
935,"Tata Chemicals Limited","TATACHEM","643.75","-1.3%","11,31,484","chemicals","chemicals","midcap",""
936,"Indraprastha Medical Corporation Limited","INDRAMEDCO","365.7","-1.3%","3,79,626","healthcare","healthcare","smallcap",""
937,"Birlasoft Ltd","BSOFT","274.05","-1.31%","8,74,041","i.t","computers - software - medium / small","midcap",""
938,"Oil & Natural Gas Corporation Limited","ONGC","235.86","-1.31%","50,66,494","energy","oil drilling / allied services","largecap",""
939,"Ipca Laboratories Limited","IPCALAB","1,970.8","-1.32%","2,63,825","healthcare","pharmaceuticals - indian - bulk drugs & formln","largecap",""
940,"Gravita India Limited","GRAVITA","1,495.4","-1.32%","2,66,305","metals & mining","mining / minerals / metals","midcap",""
941,"Inox Green Energy Services Ltd","INOXGREEN","172.32","-1.33%","9,75,212","miscellaneous","miscellaneous","midcap",""
942,"Ventive Hospitality Ltd","VENTIVE","565.05","-1.34%","13,304","services","hotels","midcap",""
943,"Repco Home Finance Limited","REPCOHOME","347.7","-1.35%","66,626","financials","finance - housing","smallcap",""
944,"Swan Defence and Heavy Industries Ltd","SWANDEF","2,679.7","-1.36%","12,520","transportation","miscellaneous","midcap",""
945,"Anthem Biosciences Ltd","ANTHEM","873.6","-1.36%","3,73,411","healthcare","pharmaceuticals - indian - bulk drugs & formln","largecap",""
946,"Aditya Vision Ltd","AVL","619.5","-1.36%","1,09,489","consumer discretionary","trading","midcap",""
947,"Fdc Limited","FDC","341","-1.36%","1,11,248","healthcare","pharmaceuticals - indian - bulk drugs & formln","midcap",""
948,"S. P. Apparels Limited","SPAL","965.6","-1.37%","44,966","readymade garments/apparels","textiles - products","smallcap",""
949,"Brigade Enterprises Limited","BRIGADE","597.9","-1.37%","2,42,813","realty","construction","midcap",""
950,"Indus Towers Ltd (Bharti Infratel)","INDUSTOWER","374.65","-1.37%","29,52,516","telecom","transmisson line towers / equipment","largecap",""
951,"Gokul Agro Resources Limited","GOKULAGRO","221.89","-1.37%","1,74,168","fmcg","solvent extraction","midcap",""
952,"Sundrop Brands Ltd","SUNDROP","745.75","-1.38%","11,595","fmcg","food - processing - indian","smallcap",""
953,"V-guard Industries Limited","VGUARD","304.35","-1.38%","3,13,680","industrials","electric equipment","midcap",""
954,"Enviro Infra Engineers Ltd","EIEL","198.85","-1.38%","10,33,739","realty","engineering - turnkey services","smallcap",""
955,"Kennametal India Ltd","KENNAMET","4,207.2","-1.39%","26,620","castings, forgings & fasteners","castings & forgings","midcap",""
956,"Carborundum Universal Limited","CARBORUNIV","1,278.5","-1.39%","3,56,177","industrials","abrasives and grinding wheels","largecap",""
957,"DEE Development Engineers Ltd","DEEDEV","666.2","-1.39%","1,30,551","metals & mining","steel - medium / small","midcap",""
958,"Arvind Smartspaces Limited","ARVSMART","614.05","-1.4%","96,516","realty","construction","smallcap",""
959,"KRN Heat Exchanger and Refrigeration Ltd","KRN","1,381.8","-1.41%","1,80,039","industrials","engineering","midcap",""
960,"Infosys Limited","INFY","1,000.2","-1.41%","1,02,40,700","i.t","computers - software - large","largecap",""
961,"Oracle Financial Services Software Limited","OFSS","10,770","-1.42%","5,45,314","i.t","computers - software - large","largecap",""
962,"Moil Limited","MOIL","241.88","-1.43%","3,04,344","metals & mining","mining / minerals / metals","smallcap",""
963,"Icra Limited","ICRA","4,377.9","-1.46%","24,469","financials","miscellaneous","smallcap",""
964,"Tejas Networks Ltd","TEJASNET","503.85","-1.46%","8,93,736","telecom","telecommunications - equipment","midcap",""
965,"Senco Gold Ltd","SENCO","331.1","-1.46%","6,81,767","consumer discretionary","diamond cutting / jewellery","midcap",""
966,"ICICI Lombard General Insurance Company Ltd","ICICIGI","1,553.7","-1.48%","8,50,179","financials","finance & investments","largecap",""
967,"United Breweries Limited","UBL","1,251.3","-1.49%","1,68,060","fmcg","breweries & distilleries","largecap",""
968,"Strides Shasun Limited","STAR","1,184.9","-1.49%","1,43,012","healthcare","pharmaceuticals - indian - bulk drugs & formln","midcap",""
969,"Panama Petrochem Limited","PANAMAPET","473.4","-1.5%","73,939","energy","petrochemicals","smallcap",""
970,"Chalet Hotels Ltd","CHALET","881.35","-1.51%","71,076","services","hotels","midcap",""
971,"Universal Cables Limited","UNIVCABLES","1,494","-1.52%","69,934","industrials","cables - power","midcap",""
972,"Maharashtra Scooters Limited","MAHSCOOTER","13,052","-1.53%","3,959","financials","finance & investments","midcap",""
973,"Tata Motors Passenger Vehicles Ltd","TMPV","290.45","-1.54%","2,26,34,929","auto","automobiles - passenger cars","largecap",""
974,"Timken India Limited","TIMKEN","3,206.1","-1.56%","14,197","industrials","bearings","largecap",""
975,"Nocil Limited","NOCIL","188.41","-1.56%","11,12,045","chemicals","chemicals","smallcap",""
976,"Edelweiss Financial Services Limited","EDELWEISS","136.83","-1.57%","44,32,948","financials","finance & investments","midcap",""
977,"Honasa Consumer Ltd","HONASA","465.5","-1.58%","4,37,409","services","trading","midcap",""
978,"Le Travenues Technology Ltd","IXIGO","156.8","-1.58%","12,48,580","i.t","travel agencies","midcap",""
979,"AXISCADES Technologies Ltd","AXISCADES","1,892.1","-1.61%","1,30,914","aerospace & defence","computers - software - medium / small","midcap",""
980,"Unimech Aerospace and Manufacturing Ltd","UNIMECH","1,665.1","-1.61%","1,38,995","aerospace & defence","engineering","midcap",""
981,"Heritage Foods Limited","HERITGFOOD","407.4","-1.62%","1,89,918","fmcg","food - processing - indian","smallcap",""
982,"Ratnamani Metals & Tubes Limited","RATNAMANI","2,778.3","-1.63%","25,715","industrials","steel - medium / small","midcap",""
983,"Balaji Amines Limited","BALAMINES","2,189.6","-1.64%","1,64,986","chemicals","chemicals","midcap",""
984,"Entero Healthcare Solutions Ltd","ENTERO","1,821.8","-1.64%","1,10,434","healthcare","trading","midcap",""
985,"Diamond Power Infrastructure Ltd","DIACABS","354.5","-1.65%","5,39,550","industrials","cables - power","largecap",""
986,"Ifci Limited","IFCI","73.95","-1.65%","3,61,39,840","financials","finance - term-lending institutions","midcap",""
987,"Zee Entertainment Enterprises Limited","ZEEL","76.87","-1.66%","87,93,820","media","entertainment / electronic media software","midcap",""
988,"Tata Teleservices (maharashtra) Limited","TTML","34.44","-1.66%","17,75,354","telecom-service","telecommunications - service provider","midcap",""
989,"Paras Defence and Space Technologies Ltd","PARAS","1,321","-1.67%","5,27,679","aerospace & defence","engineering","midcap",""
990,"Nelco Limited","NELCO","976.5","-1.67%","1,27,194","telecom","telecommunications - service provider","smallcap",""
991,"Hindustan Construction Company Limited","HCC","21.26","-1.67%","99,97,995","realty","construction","midcap",""
992,"Smartworks Coworking Spaces Ltd","SMARTWORKS","529.9","-1.68%","79,157","co-working","miscellaneous","midcap",""
993,"Newgen Software Technologies Ltd","NEWGEN","485.3","-1.68%","3,45,857","i.t","computers - software - medium / small","midcap",""
994,"Bharti Hexacom Ltd","BHARTIHEXA","1,481.8","-1.69%","76,049","telecom-service","telecommunications - service provider","largecap",""
995,"Concord Biotech Ltd","CONCORDBIO","1,453.6","-1.7%","1,25,029","healthcare","pharmaceuticals - indian - bulk drugs & formln","midcap",""
996,"Vardhman Textiles Limited","VTL","554","-1.7%","1,38,210","textiles","textiles - cotton/blended","midcap",""
997,"Vindhya Telelinks Limited","VINDHYATEL","2,719.8","-1.72%","41,951","realty","construction","smallcap",""
998,"Cera Sanitaryware Limited","CERA","5,396.5","-1.75%","25,221","building materials","ceramics - tiles / sanitaryware","midcap",""
999,"V-mart Retail Limited","VMART","760.1","-1.76%","1,08,294","consumer discretionary","trading","midcap",""
1000,"Crizac Ltd","CRIZAC","182.79","-1.78%","1,97,948","services","miscellaneous","smallcap",""
1001,"Archean Chemical Industries Ltd","ACI","482.55","-1.8%","1,16,822","chemicals","chemicals","midcap",""
1002,"Devyani International Ltd","DEVYANI","135.02","-1.8%","10,70,431","consumer discretionary","hotels","midcap",""
1003,"Bharat Bijlee Limited","BBL","2,162.9","-1.82%","30,435","industrials","electric equipment","smallcap",""
1004,"Sundaram Finance Limited","SUNDARMFIN","4,508","-1.83%","35,762","financials","finance & investments","largecap",""
1005,"Savita Oil Technologies Limited","SOTL","713.2","-1.83%","1,58,106","energy","petrochemicals","smallcap",""
1006,"Talbros Automotive Components Limited","TALBROAUTO","457.35","-1.86%","2,17,822","auto","auto ancillaries","smallcap",""
1007,"Vishal Mega Mart Ltd","VMM","103.5","-1.86%","93,81,538","consumer discretionary","trading","largecap",""
1008,"Anand Rathi Wealth Ltd","ANANDRATHI","2,126.8","-1.87%","4,36,268","financials","finance & investments","largecap",""
1009,"Aurionpro Solutions Limited","AURIONPRO","669.7","-1.88%","1,02,892","i.t","computers - software - medium / small","smallcap",""
1010,"Oswal Pumps Ltd","OSWALPUMPS","274.95","-1.89%","3,10,754","industrials","pumps","smallcap",""
1011,"3m India Limited","3MINDIA","33,925","-1.92%","2,731","miscellaneous","diversified - large","largecap",""
1012,"HDB Financial Services Ltd","HDBFS","648.15","-1.94%","2,55,839","financials","finance & investments","largecap",""
1013,"Venus Pipes & Tubes Ltd","VENUSPIPES","2,163.2","-1.95%","1,48,235","metals & mining","steel - medium / small","smallcap",""
1014,"Til Limited","TIL","251.11","-1.97%","61,092","industrials","engineering","smallcap",""
1015,"Mahindra & Mahindra Financial Services Limited","M&MFIN","333.1","-2%","16,62,139","financials","finance & investments","largecap",""
1016,"Ethos Ltd","ETHOSLTD","2,552.8","-2.03%","28,869","consumer discretionary","trading","midcap",""
1017,"Lumax Auto Technologies Limited","LUMAXTECH","2,026.8","-2.03%","68,866","auto","auto ancillaries","midcap",""
1018,"Tata Technologies Ltd","TATATECH","703.05","-2.05%","6,52,847","i.t","computers - software - medium / small","largecap",""
1019,"NTPC Green Energy Ltd","NTPCGREEN","93.47","-2.05%","23,31,281","power & utilities","power generation and supply","largecap",""
1020,"Glenmark Pharmaceuticals Limited","GLENMARK","2,380","-2.07%","7,85,299","healthcare","pharmaceuticals - indian - bulk drugs & formln","largecap",""
1021,"Kddl Limited","KDDL","4,033.4","-2.1%","46,381","consumer discretionary","miscellaneous","smallcap",""
1022,"New India Assurance Company Ltd","NIACL","176.6","-2.11%","16,37,051","financials","finance & investments","largecap",""
1023,"The India Cements Limited","INDIACEM","323.1","-2.12%","2,47,095","building materials","cement - south india","midcap",""
1024,"MTAR Technologies Ltd","MTARTECH","6,900","-2.13%","1,90,986","aerospace & defence","engineering","largecap",""
1025,"AGI Greenpac Ltd","AGI","803.35","-2.19%","1,82,324","industrials","packaging","midcap",""
1026,"Capri Global Capital Limited","CGCL","253.7","-2.2%","9,84,973","financials","finance & investments","largecap",""
1027,"Flair Writing Industries Ltd","FLAIR","237.58","-2.21%","69,478","miscellaneous","printing & stationery","smallcap",""
1028,"Exicom Tele-Systems Ltd","EXICOM","160.99","-2.22%","7,39,666","industrials","electric equipment","smallcap",""
1029,"Cholamandalam Financial Holdings Ltd","CHOLAHLDNG","1,400.6","-2.23%","3,28,724","financials","finance & investments","largecap",""
1030,"Maithan Alloys Limited","MAITHANALL","955.15","-2.25%","79,988","metals & mining","mining / minerals / metals","smallcap",""
1031,"Aarti Drugs Limited","AARTIDRUGS","427.4","-2.25%","2,12,626","healthcare","pharmaceuticals - indian - bulk drugs","smallcap",""
1032,"The Federal Bank  Limited","FEDERALBNK","322","-2.28%","61,28,694","bank","banks - private sector","largecap",""
1033,"Nitco Limited","NITCO","87.96","-2.3%","3,43,465","building materials","trading","smallcap",""
1034,"Ujaas Energy Ltd","UEL","183.73","-2.32%","16,391","power & utilities","power generation and supply","smallcap",""
1035,"Indo Rama Synthetics (india) Limited","INDORAMA","99.36","-2.32%","8,27,174","textiles","textiles - manmade","smallcap",""
1036,"Greenply Industries Limited","GREENPLY","287.25","-2.4%","3,57,533","building materials","miscellaneous","smallcap",""
1037,"Netweb Technologies India Ltd","NETWEB","4,545","-2.5%","6,96,170","i.t","computers - hardware","largecap",""
1038,"NIIT Learning Systems Ltd","NIITMTS","212.08","-2.52%","1,47,551","i.t","computers - education","smallcap",""
1039,"Krishna Institute of Medical Sciences Ltd","KIMS","780.15","-2.54%","3,46,140","healthcare","healthcare","largecap",""
1040,"AGI Infra Ltd","AGIIL","264.55","-2.54%","32,37,412","realty","construction","smallcap",""
1041,"Sasken Communication Technologies Limited","SASKEN","1,691.1","-2.63%","33,465","i.t","computers - software - medium / small","smallcap",""
1042,"Godrej Agrovet Ltd","GODREJAGRO","657.8","-2.7%","1,20,326","fmcg","food - processing - indian","midcap",""
1043,"Rainbow Childrens Medicare Ltd","RAINBOW","1,374.2","-2.72%","4,33,047","healthcare","healthcare","midcap",""
1044,"Inventurus Knowledge Solutions Ltd","IKS","1,815.8","-2.81%","2,24,086","i.t","computers - software - medium / small","largecap",""
1045,"Orchid Pharma Ltd","ORCHPHARMA","1,064.9","-2.85%","63,555","healthcare","pharmaceuticals - indian - bulk drugs & formln","midcap",""
1046,"Tribhovandas Bhimji Zaveri Limited","TBZ","655.6","-2.85%","3,17,411","consumer discretionary","diamond cutting / jewellery","smallcap",""
1047,"Optiemus Infracom Ltd","OPTIEMUS","758.55","-2.94%","4,87,355","telecom","trading","midcap",""
1048,"Arvind Limited","ARVIND","549.05","-2.94%","3,38,603","textiles","textiles - cotton/blended","midcap",""
1049,"Aditya Infotech Ltd","CPPLUS","3,687.5","-2.96%","1,65,927","consumer discretionary","trading","largecap",""
1050,"Olectra Greentech Ltd","OLECTRA","1,207.2","-2.96%","3,57,307","auto","automobiles - lcvs / hcvs","midcap",""
1051,"Rane (madras) Limited","RML","1,322.3","-2.97%","45,192","auto","auto ancillaries","smallcap",""
1052,"Home First Finance Company India Ltd","HOMEFIRST","1,123.1","-2.97%","6,40,771","financials","finance - housing","midcap",""
1053,"Multi Commodity Exchange Of India Limited","MCX","3,324.9","-3%","23,86,852","financials","miscellaneous","largecap",""
1054,"Max Healthcare Institute Ltd","MAXHEALTH","1,014","-3.06%","19,00,715","healthcare","healthcare","largecap",""
1055,"Yatharth Hospital & Trauma Care Services Ltd","YATHARTH","1,121.4","-3.08%","3,04,843","healthcare","healthcare","midcap",""
1056,"H.G. Infra Engineering Ltd","HGINFRA","453.1","-3.19%","4,51,893","realty","construction","smallcap",""
1057,"Heidelbergcement India Limited","HEIDELBERG","134.97","-3.24%","4,29,293","building materials","cement - north india","smallcap",""
1058,"PB Fintech Ltd","POLICYBZR","1,166","-3.41%","4,15,89,859","i.t","miscellaneous","largecap",""
1059,"United Foodbrands Ltd","UFBL","698.25","-3.42%","26,118","consumer discretionary","hotels","smallcap",""
1060,"Dynamic Cables Ltd","DYCL","456.95","-3.43%","4,79,136","industrials","cables - power","smallcap",""
1061,"One 97 Communications Ltd","PAYTM","1,674","-3.54%","51,74,169","i.t","miscellaneous","largecap",""
1062,"Quess Corp Limited","QUESS","340.9","-3.54%","15,20,564","miscellaneous","diversified - large","midcap",""
1063,"Jk Cement Limited","JKCEMENT","5,000","-3.56%","23,835","building materials","cement - north india","largecap",""
1064,"Max Estates Ltd","MAXESTATES","594.65","-3.59%","1,56,458","realty","construction","midcap",""
1065,"Tourism Finance Corporation Of India Limited","TFCILTD","138.31","-3.59%","3,00,56,074","financials","finance - term-lending institutions","midcap",""
1066,"Prudent Corporate Advisory Services Ltd","PRUDENT","3,097.9","-3.78%","56,132","financials","finance & investments","midcap",""
1067,"Fortis Healthcare Limited","FORTIS","837.85","-4.5%","24,33,292","healthcare","healthcare","largecap",""
1068,"Equitas Small Finance Bank Ltd","EQUITASBNK","67.03","-4.53%","54,40,394","bank","banks - private sector","midcap",""
1069,"Jindal Worldwide Limited","JINDWORLD","46.76","-4.9%","72,79,293","textiles","textiles - products","smallcap",""
1070,"Motisons Jewellers Ltd","MOTISONS","17.85","-5%","11,95,58,121","consumer discretionary","diamond cutting / jewellery","smallcap",""
1071,"Ola Electric Mobility Ltd","OLAELEC","38.48","-9.5%","19,45,68,434","auto","automobiles - motorcycles / mopeds","midcap",""